path,camera,target_phase,replace_relative,residual_relative,direct_ratio,cost,all_hard_gates
plastic_nut/OK/S0335/plastic_nut_0335_OK_C1_20230930153531.jpg,1,00,0.05954855295682728,0.009561740240278942,0.4438477124862011,1.5787983569434645,True
plastic_nut/OK/S0440/plastic_nut_0440_OK_C1_20230930161007.jpg,1,00,0.004865382214285433,0.05247426912142542,0.30889140977708884,1.191179332911286,True
plastic_nut/OK/S0342/plastic_nut_0342_OK_C1_20230930153701.jpg,1,00,0.069856773023096,0.09553616577033043,0.3608165111759556,2.375562410286175,True
plastic_nut/OK/S0084/plastic_nut_0084_OK_C1_20230930131753.jpg,1,00,0.06585421800693071,0.04006689102152788,0.31628882399274777,1.6917887382700814,True
plastic_nut/OK/S0431/plastic_nut_0431_OK_C1_20230930160457.jpg,1,01,0.06227067833035872,0.05529062643525243,0.4522715151321905,2.0801560779204924,True
plastic_nut/OK/S0008/plastic_nut_0008_OK_C1_20230930121942.jpg,1,01,0.013212210097252609,0.04638818111340124,0.4605503484965353,1.5171046090996092,True
plastic_nut/OK/S0008/plastic_nut_0008_OK_C1_20230930121942.jpg,1,10,0.015069517072935988,0.017677590043256478,0.40471292423016636,1.1368969196222574,True
plastic_nut/OK/S0269/plastic_nut_0269_OK_C1_20230930150726.jpg,1,00,0.0653706293127475,0.018306385311044122,0.41850695403317795,1.673784054304272,True
plastic_nut/OK/S0376/plastic_nut_0376_OK_C1_20230930154438.jpg,1,10,0.03579933050064797,0.03231930058528406,0.27591558295439295,1.2330174767681061,True
plastic_nut/OK/S0441/plastic_nut_0441_OK_C1_20230930161014.jpg,1,10,0.0993141699999182,0.07069582314425385,0.4942825531677288,2.688665037777178,True
plastic_nut/OK/S0381/plastic_nut_0381_OK_C1_20230930154544.jpg,1,10,0.04496053994123067,0.07226197169641446,0.18617548820194876,1.5445760927803487,True
plastic_nut/OK/S0347/plastic_nut_0347_OK_C1_20230930153805.jpg,1,10,0.04295336628708453,0.08096034535586526,0.3584318680300269,1.9560008524895516,True
plastic_nut/OK/S0029/plastic_nut_0029_OK_C1_20230930124349.jpg,1,10,0.00972165374634918,0.00073788377006805,0.41664764381627895,0.9378906627967302,True
plastic_nut/OK/S0430/plastic_nut_0430_OK_C1_20230930160445.jpg,1,00,0.0680972934449268,0.07088708367116611,0.4304291293487697,2.2507020298584686,True
plastic_nut/OK/S0152/plastic_nut_0152_OK_C1_20230930135047.jpg,1,00,0.05756979361668083,0.08513495420239024,0.3309820408008249,2.08901155979236,True
plastic_nut/OK/S0134/plastic_nut_0134_OK_C1_20230930134129.jpg,1,00,0.01399344668235341,0.010084607682316954,0.37415719508849676,0.9890949338236972,True
plastic_nut/OK/S0048/plastic_nut_0048_OK_C1_20230930125756.jpg,1,00,0.05045123484697312,0.0789310475354392,0.18630536974078193,1.666433563305687,True
plastic_nut/OK/S0246/plastic_nut_0246_OK_C1_20230930145712.jpg,1,10,0.06059391222627869,0.05203062648362361,0.4739343438938963,2.0741140748868157,True
plastic_nut/OK/S0286/plastic_nut_0286_OK_C1_20230930152011.jpg,1,01,0.004399673701525216,0.044253249130564755,0.36692187784561914,1.220372984012138,True
plastic_nut/OK/S0160/plastic_nut_0160_OK_C1_20230930135440.jpg,1,00,0.01823751581361161,0.013611530356875925,0.45727991641390403,1.2330502945326833,True
plastic_nut/OK/S0044/plastic_nut_0044_OK_C1_20230930125403.jpg,1,00,0.04949278176024174,0.08326899248169554,0.4191695379341068,2.165956818287586,True
plastic_nut/OK/S0229/plastic_nut_0229_OK_C1_20230930144533.jpg,1,01,0.058717949060858886,0.03793057619782984,0.3233424388983665,1.6131701303836201,True
plastic_nut/OK/S0100/plastic_nut_0100_OK_C1_20230930132609.jpg,1,00,0.09528125129184208,0.07989717596809809,0.4766215875516671,2.7050274477027356,True
plastic_nut/OK/S0234/plastic_nut_0234_OK_C1_20230930145001.jpg,1,00,0.06113160877869744,0.03295819015983311,0.38236709465869495,1.7056321787026953,True
plastic_nut/OK/S0234/plastic_nut_0234_OK_C1_20230930145001.jpg,1,01,0.002299306067754201,0.014957805128146862,0.3492783286723199,0.8711277693036504,True
plastic_nut/OK/S0234/plastic_nut_0234_OK_C1_20230930145001.jpg,1,10,0.0574421762649298,0.060065217577363855,0.38363004187427274,1.942334022171482,True
plastic_nut/OK/S0488/plastic_nut_0488_OK_C1_20230930162702.jpg,1,00,0.09880157073974245,0.019116642210455982,0.4299912052004322,2.0391645399028486,True
plastic_nut/OK/S0488/plastic_nut_0488_OK_C1_20230930162702.jpg,1,10,0.08207045322205908,0.06023860498735857,0.4624484376050349,2.3479874573042463,True
plastic_nut/OK/S0277/plastic_nut_0277_OK_C1_20230930150935.jpg,1,01,0.06064483168692064,0.034606596351365336,0.41378071135798117,1.780075703098822,True
plastic_nut/OK/S0334/plastic_nut_0334_OK_C1_20230930153512.jpg,1,00,0.02582494214914348,0.09992536021554056,0.4283988398560183,2.114300703358877,True
plastic_nut/OK/S0460/plastic_nut_0460_OK_C1_20230930162149.jpg,1,00,0.01117298682299684,0.027942369353040314,0.4815362876740439,1.3542261371084594,True
plastic_nut/OK/S0460/plastic_nut_0460_OK_C1_20230930162149.jpg,1,01,0.04937311351999521,0.04983017852294218,0.4298733612169264,1.8517796428632267,True
plastic_nut/OK/S0460/plastic_nut_0460_OK_C1_20230930162149.jpg,1,10,0.02824853443966375,0.012481716022935945,0.29425951679172874,0.9958215382094544,True
plastic_nut/OK/S0301/plastic_nut_0301_OK_C1_20230930152324.jpg,1,00,0.035106244229304875,0.09739899737302642,0.4628659645961623,2.2507843452156373,True
plastic_nut/OK/S0301/plastic_nut_0301_OK_C1_20230930152324.jpg,1,10,0.015351787616492293,0.056632185627598225,0.13375046509760113,0.9873406626361074,True
plastic_nut/OK/S0478/plastic_nut_0478_OK_C1_20230930162517.jpg,1,01,0.024066652350443415,0.03683589763100912,0.17162612370293048,0.9522777472203863,True
plastic_nut/OK/S0102/plastic_nut_0102_OK_C1_20230930132716.jpg,1,00,0.09164427213396531,0.05366384132693767,0.44678400758406533,2.3466491497771607,True
plastic_nut/OK/S0080/plastic_nut_0080_OK_C1_20230930131605.jpg,1,10,0.010689153528316925,0.06065927289094802,0.4314707252714753,1.5764257147356,True
plastic_nut/OK/S0145/plastic_nut_0145_OK_C1_20230930134641.jpg,1,00,0.05547827261764601,0.09680678311088105,0.4721864432931119,2.467223443871494,True
plastic_nut/OK/S0090/plastic_nut_0090_OK_C1_20230930132057.jpg,1,01,0.01644183548106728,0.07006325458919874,0.2615075331102408,1.3880659669231417,True
plastic_nut/OK/S0026/plastic_nut_0026_OK_C1_20230930124311.jpg,1,00,0.043241291379911936,0.08747942306333709,0.22684489967303106,1.7608969437785524,True
plastic_nut/OK/S0026/plastic_nut_0026_OK_C1_20230930124311.jpg,1,10,0.02578065933475113,0.07985032595440189,0.2338897849282324,1.524089422747995,True
plastic_nut/OK/S0036/plastic_nut_0036_OK_C1_20230930124755.jpg,1,00,0.04557084298710352,0.09933846398329134,0.4426845504337311,2.3344621705714106,True
plastic_nut/OK/S0078/plastic_nut_0078_OK_C1_20230930131416.jpg,1,00,0.0705542211667568,0.07282430330617429,0.48240111208183784,2.3985874688929867,True
plastic_nut/OK/S0078/plastic_nut_0078_OK_C1_20230930131416.jpg,1,10,0.03764778622834739,0.005291331946402467,0.4979846955763968,1.425360572900292,True
plastic_nut/OK/S0181/plastic_nut_0181_OK_C1_20230930140346.jpg,1,01,0.021741924986895846,0.027006112595105162,0.48715341300888443,1.4617872018377789,True
plastic_nut/OK/S0216/plastic_nut_0216_OK_C1_20230930144007.jpg,1,10,0.0677267356446392,0.05714664805841941,0.3315730341994275,1.9118799054294409,True
plastic_nut/OK/S0352/plastic_nut_0352_OK_C1_20230930153902.jpg,1,01,0.07008199051595165,0.061510477664986726,0.4635567908382399,2.2430382634858637,True
plastic_nut/OK/S0403/plastic_nut_0403_OK_C1_20230930155303.jpg,1,00,0.019969064189377175,0.013636348881923263,0.26849943435393187,0.8730529994208681,True
plastic_nut/OK/S0262/plastic_nut_0262_OK_C1_20230930150413.jpg,1,00,0.028272013515233514,0.06292177191328935,0.16896837411511134,1.2498746025154512,True
plastic_nut/OK/S0262/plastic_nut_0262_OK_C1_20230930150413.jpg,1,01,0.033147314335817336,0.03631651010702865,0.4112972764146239,1.5172327972577075,True
plastic_nut/OK/S0190/plastic_nut_0190_OK_C1_20230930141457.jpg,1,00,0.029205852834947563,0.036803755452993615,0.2405578897077461,1.1412118622949041,True
plastic_nut/OK/S0154/plastic_nut_0154_OK_C1_20230930135150.jpg,1,00,0.016599496111903398,0.05456610517629733,0.4627530307887051,1.6371620744594173,True
plastic_nut/OK/S0113/plastic_nut_0113_OK_C1_20230930133220.jpg,1,01,0.07543628707261144,0.06418680123317752,0.21611811183702723,1.828467106731944,True
plastic_nut/OK/S0177/plastic_nut_0177_OK_C1_20230930140139.jpg,1,00,0.05738518315227426,0.047048477869882366,0.35545463682976125,1.7552458838810887,True
plastic_nut/OK/S0186/plastic_nut_0186_OK_C1_20230930140535.jpg,1,01,0.012168535142092806,0.005981524326082699,0.45048509196280356,1.0824707786073622,True
plastic_nut/OK/S0248/plastic_nut_0248_OK_C1_20230930145747.jpg,1,10,0.02915787040396081,0.09992292702299736,0.4395729632497511,2.169953900769084,True
plastic_nut/OK/S0285/plastic_nut_0285_OK_C1_20230930151943.jpg,1,00,0.08297041695572957,0.09832265014252205,0.24150943229006272,2.2959495355626416,True
plastic_nut/OK/S0137/plastic_nut_0137_OK_C1_20230930134305.jpg,1,01,0.09628928266589043,0.021501555363021684,0.331643496434868,1.841195373158857,True
plastic_nut/OK/S0258/plastic_nut_0258_OK_C1_20230930150209.jpg,1,00,0.0544309109111879,0.0854543533836175,0.4321821459327144,2.2632169348134825,True
plastic_nut/OK/S0281/plastic_nut_0281_OK_C1_20230930151842.jpg,1,01,0.09875923103096823,0.06884854453991314,0.4841238368582751,2.644325429425364,True
plastic_nut/OK/S0225/plastic_nut_0225_OK_C1_20230930144321.jpg,1,00,0.08455110003893898,0.08294862195000295,0.21873748160607165,2.1124721831015627,True
plastic_nut/OK/S0119/plastic_nut_0119_OK_C1_20230930133536.jpg,1,01,0.06456187485938397,0.017075600312755585,0.43980864660791713,1.6959920449372299,True
plastic_nut/OK/S0083/plastic_nut_0083_OK_C1_20230930131723.jpg,1,01,0.0879215915652524,0.01609211858857613,0.47706067108053535,1.9942584436993558,True
plastic_nut/OK/S0498/plastic_nut_0498_OK_C1_20230930162953.jpg,1,01,0.09475386636159894,0.008617050291233946,0.46265574198535003,1.959020650499029,True
plastic_nut/OK/S0024/plastic_nut_0024_OK_C1_20230930124238.jpg,1,00,0.020469791770092175,0.07096009482418017,0.4945699104555283,1.90343868685378,True
plastic_nut/OK/S0058/plastic_nut_0058_OK_C1_20230930130416.jpg,1,00,0.05215707082626161,0.04460225821284423,0.484355894959726,1.9363050803105102,True
plastic_nut/OK/S0199/plastic_nut_0199_OK_C1_20230930142914.jpg,1,00,0.06292074029521427,0.03564558630160832,0.24147476357100475,1.4686127931102353,True
plastic_nut/OK/S0199/plastic_nut_0199_OK_C1_20230930142914.jpg,1,10,0.06875439733905139,0.03218979393591417,0.4324328955452041,1.8743077038400635,True
plastic_nut/OK/S0439/plastic_nut_0439_OK_C1_20230930160953.jpg,1,00,0.057261025752182566,0.029731283048615807,0.4834436969067495,1.8368104818214825,True
plastic_nut/OK/S0033/plastic_nut_0033_OK_C1_20230930124530.jpg,1,10,0.07775543108624207,0.007098070834113813,0.4034738979266753,1.6554828150569094,True
plastic_nut/OK/S0061/plastic_nut_0061_OK_C1_20230930130524.jpg,1,10,0.020970198853669818,0.0034681487376297987,0.24219924802832027,0.7287819719696367,True
plastic_nut/OK/S0380/plastic_nut_0380_OK_C1_20230930154535.jpg,1,00,0.0892570782100789,0.0052703194771843076,0.45743659767359734,1.8601471722198268,True
plastic_nut/OK/S0388/plastic_nut_0388_OK_C1_20230930154821.jpg,1,10,0.033885791875412546,0.08954303382866477,0.32487162321327123,1.8840315034673156,True
plastic_nut/OK/S0332/plastic_nut_0332_OK_C1_20230930153425.jpg,1,00,0.026594249979648335,0.056519103600997295,0.3080212288786611,1.4471759935637785,True
plastic_nut/OK/S0394/plastic_nut_0394_OK_C1_20230930154951.jpg,1,00,0.01928165730197429,0.029087480277083202,0.47246638265388663,1.4286241410983482,True
plastic_nut/OK/S0188/plastic_nut_0188_OK_C1_20230930141428.jpg,1,00,0.04396091256491976,0.06711825342677222,0.4962137707925989,2.1032192015021174,True
plastic_nut/OK/S0188/plastic_nut_0188_OK_C1_20230930141428.jpg,1,01,0.04668744490687809,0.08613426802393509,0.2296722822533315,1.7875616938147947,True
plastic_nut/OK/S0383/plastic_nut_0383_OK_C1_20230930154623.jpg,1,01,0.01526749298530091,0.008247340284433335,0.3072164736997717,0.8495812800968858,True
plastic_nut/OK/S0035/plastic_nut_0035_OK_C1_20230930124720.jpg,1,00,0.030340849464943854,0.002885476670124518,0.26860811933971057,0.8694795000301049,True
plastic_nut/OK/S0419/plastic_nut_0419_OK_C1_20230930160030.jpg,1,00,0.03359508004817398,0.0026558019450368905,0.4569377369695125,1.2763842938711336,True
plastic_nut/OK/S0405/plastic_nut_0405_OK_C1_20230930155327.jpg,1,01,0.051675747178491334,0.003333144068320094,0.21926751469664657,0.9886239418614073,True
plastic_nut/OK/S0391/plastic_nut_0391_OK_C1_20230930154856.jpg,1,00,0.038046764264327224,0.008828336863764365,0.2005288129637425,0.8698086372084008,True
plastic_nut/OK/S0486/plastic_nut_0486_OK_C1_20230930162637.jpg,1,00,0.022166030273529206,0.00042495629682371447,0.4548568586276112,1.1356235829587515,True
plastic_nut/OK/S0486/plastic_nut_0486_OK_C1_20230930162637.jpg,1,10,0.04615645567431914,0.02611515619475093,0.38733270626603844,1.4973815312227776,True
plastic_nut/OK/S0253/plastic_nut_0253_OK_C1_20230930145916.jpg,1,00,0.023930380586495947,0.006065178837863213,0.281683952691323,0.8633234996262376,True
plastic_nut/OK/S0253/plastic_nut_0253_OK_C1_20230930145916.jpg,1,01,0.059730004423840286,0.019306828400885892,0.198148805206768,1.1866659386607976,True
plastic_nut/OK/S0253/plastic_nut_0253_OK_C1_20230930145916.jpg,1,10,0.07443618654576725,0.09058221762003132,0.32675230463639104,2.303688650930768,True
plastic_nut/OK/S0407/plastic_nut_0407_OK_C2_20230930155522.jpg,2,10,0.09850400971312165,0.06394106609377935,0.4331859136563219,2.4908225853816535,True
plastic_nut/OK/S0206/plastic_nut_0206_OK_C2_20230930143313.jpg,2,00,0.032832961360820145,0.08962725362238691,0.3744361339143654,1.9734744176608014,True
plastic_nut/OK/S0206/plastic_nut_0206_OK_C2_20230930143313.jpg,2,01,0.03219522700401256,0.03466578867288246,0.37771312122030953,1.4240363992095693,True
plastic_nut/OK/S0092/plastic_nut_0092_OK_C2_20230930132137.jpg,2,01,8.960827397882697e-05,0.0024601139717580368,0.22061583570471588,0.4667288938668004,True
plastic_nut/OK/S0226/plastic_nut_0226_OK_C2_20230930144337.jpg,2,01,0.009592949778759808,0.007125468663930203,0.32148888007897103,0.8101619445848421,True
plastic_nut/OK/S0191/plastic_nut_0191_OK_C2_20230930141508.jpg,2,00,0.09235192573584362,0.06085560118854786,0.2637318807430207,2.0595390307299564,True
plastic_nut/OK/S2001/plastic_nut_2001_OK_C2_20230930160601.jpg,2,01,0.004057655695280431,0.027283717769712744,0.44037949815950944,1.1941727309689507,True
plastic_nut/OK/S0219/plastic_nut_0219_OK_C2_20230930144048.jpg,2,10,0.04441090565916602,0.03302784768362051,0.43638045307431467,1.6471484395764946,True
plastic_nut/OK/S0269/plastic_nut_0269_OK_C2_20230930150726.jpg,2,01,0.027309320436839153,0.065042398794635,0.3275623881251116,1.5786419685649646,True
plastic_nut/OK/S0048/plastic_nut_0048_OK_C2_20230930125756.jpg,2,01,0.018802787911079703,0.04622970182803723,0.3489677329252452,1.3482603632416597,True
plastic_nut/OK/S0285/plastic_nut_0285_OK_C2_20230930151943.jpg,2,00,0.007219126985446707,0.003133838688212771,0.37602660384304226,0.8555828644226793,True
plastic_nut/OK/S0192/plastic_nut_0192_OK_C2_20230930141520.jpg,2,00,0.07759734751829607,0.009396041497807178,0.20707775910951806,1.2840894083800687,True
plastic_nut/OK/S0154/plastic_nut_0154_OK_C2_20230930135150.jpg,2,00,0.0772934126465245,0.0038402042471536914,0.44559201290757405,1.70252019475193,True
plastic_nut/OK/S0258/plastic_nut_0258_OK_C2_20230930150209.jpg,2,00,0.05391700004619938,0.06770644964239796,0.35181916998798113,1.9198728368619355,True
plastic_nut/OK/S0369/plastic_nut_0369_OK_C2_20230930154310.jpg,2,10,0.06889003247251776,0.09979905874369055,0.39354405149820204,2.4739790151584873,True
plastic_nut/OK/S0419/plastic_nut_0419_OK_C2_20230930160030.jpg,2,00,0.004162272029188316,0.055174226684258684,0.44111109421176714,1.4755871755580041,True
plastic_nut/OK/S0419/plastic_nut_0419_OK_C2_20230930160030.jpg,2,10,0.06576786659022985,0.04830318604777319,0.37207260919769825,1.8848557447754268,True
plastic_nut/OK/S0087/plastic_nut_0087_OK_C2_20230930132004.jpg,2,01,0.047180367957278035,0.013736672510369677,0.4508833461279612,1.5109370969323996,True
plastic_nut/OK/S0342/plastic_nut_0342_OK_C2_20230930153701.jpg,2,10,0.045989502412837883,0.055372540238250056,0.3879698152993182,1.7895600571095158,True
plastic_nut/OK/S0361/plastic_nut_0361_OK_C2_20230930154105.jpg,2,10,0.07749893993115421,0.03515954844293069,0.4167718812848084,1.9601286463104657,True
plastic_nut/OK/S2002/plastic_nut_2002_OK_C2_20230930160612.jpg,2,00,0.018231080405415163,0.038543431031589366,0.48893108174594574,1.5456072778619367,True
plastic_nut/OK/S0084/plastic_nut_0084_OK_C2_20230930131753.jpg,2,00,0.020823191549811316,0.06773968552410123,0.4129455913696165,1.7115199534783585,True
plastic_nut/OK/S0347/plastic_nut_0347_OK_C2_20230930153805.jpg,2,01,0.00530877515999917,0.004798437717952295,0.4877141014322804,1.0765003316440753,True
plastic_nut/OK/S0078/plastic_nut_0078_OK_C2_20230930131416.jpg,2,00,0.01811514100148001,0.028877247327723364,0.34660444494353576,1.1631327731791052,True
plastic_nut/OK/S0078/plastic_nut_0078_OK_C2_20230930131416.jpg,2,10,0.06066977633835463,0.04949948516733585,0.1789220778997316,1.459536770856368,True
plastic_nut/OK/S0308/plastic_nut_0308_OK_C2_20230930152439.jpg,2,00,0.06660021644273997,0.08774262538925201,0.3253960711022175,2.1942205605243545,True
plastic_nut/OK/S0150/plastic_nut_0150_OK_C2_20230930134853.jpg,2,01,0.023612669045975396,0.022150092717450096,0.17540749268790906,0.8084426030100731,True
plastic_nut/OK/S0406/plastic_nut_0406_OK_C2_20230930161349.jpg,2,00,0.05308599104093189,0.07667077606806387,0.17750851060803352,1.6525846923060246,True
plastic_nut/OK/S0313/plastic_nut_0313_OK_C2_20230930152621.jpg,2,00,0.07556262630095208,0.02066122425074592,0.3873607710342376,1.7369600475854552,True
plastic_nut/OK/S0460/plastic_nut_0460_OK_C2_20230930162149.jpg,2,00,0.0674052498216799,0.052796407185628745,0.3044836188923269,1.8109838078577403,True
plastic_nut/OK/S0460/plastic_nut_0460_OK_C2_20230930162149.jpg,2,01,0.01074429446902728,0.04740420704833055,0.36833878284759747,1.3181625808687731,True
plastic_nut/OK/S0297/plastic_nut_0297_OK_C2_20230930152230.jpg,2,00,0.07623021578850227,0.03571466673397395,0.4683638976213265,2.056176620467415,True
plastic_nut/OK/S0123/plastic_nut_0123_OK_C2_20230930133746.jpg,2,01,0.002454864240755195,0.0145982627991276,0.45993210528906137,1.0903954809769507,True
plastic_nut/OK/S0055/plastic_nut_0055_OK_C2_20230930130341.jpg,2,01,0.03648491230639468,0.0676769250488866,0.21283078004646908,1.467279933645751,True
plastic_nut/OK/S0286/plastic_nut_0286_OK_C2_20230930152011.jpg,2,10,0.045752690873583565,0.011098681709229901,0.3999178430773411,1.3683494119828168,True
plastic_nut/OK/S0495/plastic_nut_0495_OK_C2_20230930162911.jpg,2,00,0.047448260090373263,0.02965041040352576,0.45991237164559434,1.6908114482301788,True
plastic_nut/OK/S0495/plastic_nut_0495_OK_C2_20230930162911.jpg,2,01,0.027914804236188338,0.01690165696032387,0.26178057568370805,0.9717257633325381,True
plastic_nut/OK/S0282/plastic_nut_0282_OK_C2_20230930151850.jpg,2,00,0.07066231660135852,0.020443210469256557,0.4413206462774392,1.793696563261029,True
plastic_nut/OK/S0282/plastic_nut_0282_OK_C2_20230930151850.jpg,2,10,0.0762807983690822,0.06707917631372379,0.36844182360438466,2.1704833940368293,True
plastic_nut/OK/S0035/plastic_nut_0035_OK_C2_20230930124720.jpg,2,10,0.0787787714642531,0.016036758412541107,0.34734448434417764,1.6428442674562973,True
plastic_nut/OK/S0301/plastic_nut_0301_OK_C2_20230930152324.jpg,2,00,0.09845520195767453,0.0905247038906835,0.47840569459630494,2.84661044767619,True
plastic_nut/OK/S0301/plastic_nut_0301_OK_C2_20230930152324.jpg,2,01,0.01652453867072036,0.09444687831391717,0.33710136826372966,1.7839169063738347,True
plastic_nut/OK/S0240/plastic_nut_0240_OK_C2_20230930145423.jpg,2,00,0.0013622047115523324,0.041354537539069626,0.31685599617765936,1.0608794148615384,True
plastic_nut/OK/S0400/plastic_nut_0400_OK_C2_20230930155159.jpg,2,00,0.05509123688658626,0.058068469909751834,0.4842266758442653,2.1000504196519114,True
plastic_nut/OK/S0400/plastic_nut_0400_OK_C2_20230930155159.jpg,2,10,0.06540687173153253,0.06387449474686724,0.4342503932365677,2.1613144512571334,True
plastic_nut/OK/S0486/plastic_nut_0486_OK_C2_20230930162637.jpg,2,00,0.01839220040662559,0.08457190334685623,0.3245960700956106,1.6788331777260392,True
plastic_nut/OK/S0083/plastic_nut_0083_OK_C2_20230930131723.jpg,2,10,0.08160322092875319,0.0963329879363941,0.4193942614310675,2.6181506115136077,True
plastic_nut/OK/S0209/plastic_nut_0209_OK_C2_20230930143442.jpg,2,01,0.055407931281402784,0.013096051129365056,0.2725658124260161,1.2301714489597104,True
plastic_nut/OK/S0113/plastic_nut_0113_OK_C2_20230930133220.jpg,2,10,0.05015509578928477,0.09654030767295654,0.46111629140224536,2.389186617426904,True
plastic_nut/OK/S0229/plastic_nut_0229_OK_C2_20230930144533.jpg,2,10,0.0030917762003797988,0.0735411885116709,0.4473418126114006,1.661013272343308,True
plastic_nut/OK/S0090/plastic_nut_0090_OK_C2_20230930132057.jpg,2,01,0.03322820693379343,0.06116865719514726,0.4926971922890765,1.9293630258675598,True
plastic_nut/OK/S0352/plastic_nut_0352_OK_C2_20230930153902.jpg,2,01,0.029453347973379087,0.009754078978481911,0.3201491714970887,1.0323726125127874,True
plastic_nut/OK/S0334/plastic_nut_0334_OK_C2_20230930153512.jpg,2,01,0.08575765885327048,0.07982868377830794,0.46278484285371774,2.5814331120232197,True
plastic_nut/OK/S0168/plastic_nut_0168_OK_C2_20230930135900.jpg,2,00,0.09246169608944768,0.0076809977059353616,0.3434449763650696,1.6883168906839696,True
plastic_nut/OK/S0391/plastic_nut_0391_OK_C2_20230930154856.jpg,2,00,0.0418787224375665,0.0885135428768437,0.43308702551585737,2.170096704175817,True
plastic_nut/OK/S0478/plastic_nut_0478_OK_C2_20230930162517.jpg,2,10,0.0723848871218617,0.052902303115848474,0.4091866137467862,2.0712451298706744,True
plastic_nut/OK/S0388/plastic_nut_0388_OK_C2_20230930154821.jpg,2,10,0.09556898698066495,0.03234804660149501,0.3557550033849183,1.9906803425914361,True
plastic_nut/OK/S0497/plastic_nut_0497_OK_C2_20230930162944.jpg,2,00,0.008730926696608389,0.06882226519373187,0.39497238549711533,1.5654766898976331,True
plastic_nut/OK/S0188/plastic_nut_0188_OK_C2_20230930141428.jpg,2,00,0.04907269499233319,0.09236185644731809,0.35792963760103613,2.130204789598585,True
plastic_nut/OK/S0102/plastic_nut_0102_OK_C2_20230930132716.jpg,2,00,0.06665504451806499,0.08339514147390072,0.47588996090816826,2.4522817817359934,True
plastic_nut/OK/S0225/plastic_nut_0225_OK_C2_20230930144321.jpg,2,01,0.09123139930389725,0.0412537484278847,0.488443286514128,2.301738050346075,True
plastic_nut/OK/S0474/plastic_nut_0474_OK_C3_20230930162424.jpg,3,01,0.03093935801218234,0.08943582702638243,0.48863473483810765,2.181021320061863,True
plastic_nut/OK/S0069/plastic_nut_0069_OK_C3_20230930131115.jpg,3,00,0.017462802069822054,0.05831053268678827,0.46407509175826706,1.6858835310826374,True
plastic_nut/OK/S0069/plastic_nut_0069_OK_C3_20230930131115.jpg,3,01,0.07172257715875274,0.08127800848061183,0.4220000108215048,2.3740058780366553,True
plastic_nut/OK/S0113/plastic_nut_0113_OK_C3_20230930133220.jpg,3,00,0.04754941546795803,0.09093212761413125,0.495238593612638,2.375292618046169,True
plastic_nut/OK/S0273/plastic_nut_0273_OK_C3_20230930150816.jpg,3,01,0.009499511899838864,0.03362948426726166,0.44644000958258545,1.3241699808361762,True
plastic_nut/OK/S0310/plastic_nut_0310_OK_C3_20230930152543.jpg,3,00,0.06727909863159796,0.03542046566619283,0.39722611777196914,1.821447878521846,True
plastic_nut/OK/S0235/plastic_nut_0235_OK_C3_20230930144846.jpg,3,01,0.017241863604137833,0.06784138973298512,0.44373679498651986,1.7383061233442691,True
plastic_nut/OK/S0497/plastic_nut_0497_OK_C3_20230930162944.jpg,3,01,0.012497731673978732,0.01909584401866462,0.49537352627450115,1.306682809475436,True
plastic_nut/OK/S0044/plastic_nut_0044_OK_C3_20230930125403.jpg,3,00,0.008437572181411142,0.07717644226522206,0.3655092925651309,1.5871587295965939,True
plastic_nut/OK/S0150/plastic_nut_0150_OK_C3_20230930134853.jpg,3,00,0.09983498784810778,0.05388910246578398,0.3956530455981872,2.328546994335292,True
plastic_nut/OK/S0230/plastic_nut_0230_OK_C3_20230930144559.jpg,3,00,0.04350075986740476,0.015002847059367438,0.29424698221227186,1.1735300336922656,True
plastic_nut/OK/S0388/plastic_nut_0388_OK_C3_20230930154821.jpg,3,01,0.0379006428085217,0.024126129158951917,0.43540416557940037,1.491076050833537,True
plastic_nut/OK/S0186/plastic_nut_0186_OK_C3_20230930140535.jpg,3,00,0.09316015354453226,0.06589336119309987,0.33846277312594975,2.2674606936282204,True
plastic_nut/OK/S0186/plastic_nut_0186_OK_C3_20230930140535.jpg,3,01,0.06726467376682493,0.04014839500738831,0.4593237689428503,1.992778225627833,True
plastic_nut/OK/S0258/plastic_nut_0258_OK_C3_20230930150209.jpg,3,00,0.06698873372856626,0.036838270969311825,0.2750648670080928,1.5883997809949664,True
plastic_nut/OK/S0160/plastic_nut_0160_OK_C3_20230930135440.jpg,3,10,0.04653239632755104,0.07515163266243695,0.4220622955452364,2.0609648809903525,True
plastic_nut/OK/S0475/plastic_nut_0475_OK_C3_20230930162440.jpg,3,00,0.019045468703006573,0.031072047816366345,0.3396608799926569,1.180496925179043,True
plastic_nut/OK/S0406/plastic_nut_0406_OK_C3_20230930161349.jpg,3,01,0.015127899375999851,0.010112436471274747,0.4175886769054985,1.087580712283743,True
plastic_nut/OK/S0478/plastic_nut_0478_OK_C3_20230930162517.jpg,3,00,0.012554541674919352,0.04768068100859279,0.40110504003105163,1.4045623068972246,True
plastic_nut/OK/S0478/plastic_nut_0478_OK_C3_20230930162517.jpg,3,01,0.024892229006472776,0.012070951618571597,0.35199770661603164,1.073627219482507,True
plastic_nut/OK/S0478/plastic_nut_0478_OK_C3_20230930162517.jpg,3,10,0.02503924000527175,0.04899350499792713,0.37218660924947006,1.484700668530929,True
plastic_nut/OK/S0277/plastic_nut_0277_OK_C3_20230930150935.jpg,3,00,0.07265873613981993,0.010121245145629692,0.37001176375867045,1.5678233403718371,True
plastic_nut/OK/S0430/plastic_nut_0430_OK_C3_20230930160445.jpg,3,01,0.03618463540566084,0.07606822721158514,0.4724482089943759,2.0674250441612116,True
plastic_nut/OK/S0054/plastic_nut_0054_OK_C3_20230930130233.jpg,3,00,0.07869551939500723,0.07640515478165442,0.4825257684011382,2.5160582785688925,True
plastic_nut/OK/S0035/plastic_nut_0035_OK_C3_20230930124720.jpg,3,00,0.02408970060776069,0.0787695005662928,0.3378372883590453,1.7042665884586254,True
plastic_nut/OK/S0035/plastic_nut_0035_OK_C3_20230930124720.jpg,3,01,0.012134602181985624,0.06351234797874893,0.4764131149832711,1.7092957315738877,True
plastic_nut/OK/S0452/plastic_nut_0452_OK_C3_20230930162013.jpg,3,00,0.07671000870345344,0.024896103799313073,0.42546733521191243,1.8669957954514897,True
plastic_nut/OK/S0467/plastic_nut_0467_OK_C3_20230930162310.jpg,3,01,0.0002692031555484166,0.06021483322275043,0.20123859206212458,1.0073175479072376,True
plastic_nut/OK/S0494/plastic_nut_0494_OK_C3_20230930162854.jpg,3,01,0.006317229532491105,0.066800909973658,0.14643723395682554,1.024055862975142,True
plastic_nut/OK/S0307/plastic_nut_0307_OK_C3_20230930152429.jpg,3,10,0.08486371822208845,0.01734117560108509,0.30279838671838477,1.6276457116685048,True
plastic_nut/OK/S0361/plastic_nut_0361_OK_C3_20230930154105.jpg,3,10,0.033607770233732105,0.09167602695487871,0.39538631268177016,2.043610597249648,True
plastic_nut/OK/S0253/plastic_nut_0253_OK_C3_20230930145916.jpg,3,01,0.09482288958139601,0.07803530045483638,0.42142081877084686,2.5714235379040176,True
plastic_nut/OK/S0181/plastic_nut_0181_OK_C3_20230930140346.jpg,3,00,0.017688232052078683,0.023881900015667666,0.38236065572382744,1.1804226321251183,True
plastic_nut/OK/S0332/plastic_nut_0332_OK_C3_20230930153425.jpg,3,00,0.08791315701031645,0.06615480676608923,0.49006772002618654,2.5208150778164296,True
plastic_nut/OK/S0332/plastic_nut_0332_OK_C3_20230930153425.jpg,3,01,0.02291975959512535,0.05760137259326761,0.2600475438461077,1.3253064095761449,True
plastic_nut/OK/S0431/plastic_nut_0431_OK_C3_20230930160457.jpg,3,00,0.027680001820256768,0.06427574714549772,0.4654726356497766,1.850502760957098,True
plastic_nut/OK/S0441/plastic_nut_0441_OK_C3_20230930161014.jpg,3,01,0.020520216449518812,0.0034051494870490045,0.18518837652362263,0.6096304124129235,True
plastic_nut/OK/S0102/plastic_nut_0102_OK_C3_20230930132716.jpg,3,01,0.008363085387157144,0.0004164035932583243,0.4876951446313415,1.0631851790668376,True
plastic_nut/OK/S0442/plastic_nut_0442_OK_C3_20230930161023.jpg,3,00,0.08025804206781183,0.006452813159427598,0.16167293476247904,1.1904544217973523,True
plastic_nut/OK/S0308/plastic_nut_0308_OK_C3_20230930152439.jpg,3,01,0.012858705778860577,0.060901541511338836,0.1899880185943015,1.117578510090597,True
plastic_nut/OK/S0145/plastic_nut_0145_OK_C3_20230930134641.jpg,3,00,0.06460359933836338,0.09430500210866202,0.37856252842374644,2.3462110713177466,True
plastic_nut/OK/S0145/plastic_nut_0145_OK_C3_20230930134641.jpg,3,10,0.057324504843902765,0.025487499732016795,0.4149550699647814,1.6580301856887583,True
plastic_nut/OK/S0263/plastic_nut_0263_OK_C3_20230930150425.jpg,3,10,0.05053592045304606,0.09085589706690132,0.3400273580853152,2.0939728913701043,True
plastic_nut/OK/S2002/plastic_nut_2002_OK_C3_20230930160612.jpg,3,00,0.06454485194408405,0.07999826580824175,0.3985369990214109,2.24250517556608,True
plastic_nut/OK/S0440/plastic_nut_0440_OK_C3_20230930161007.jpg,3,00,0.007104056959000779,0.041756372262227746,0.22780163656143854,0.9442075653351623,True
plastic_nut/OK/S0440/plastic_nut_0440_OK_C3_20230930161007.jpg,3,10,0.013234133571488683,0.038545603363821894,0.2906703716100888,1.0991381125732833,True
plastic_nut/OK/S0498/plastic_nut_0498_OK_C3_20230930162953.jpg,3,01,0.08334873765013681,0.02476794845541956,0.4921534101385629,2.0654736813326893,True
plastic_nut/OK/S0498/plastic_nut_0498_OK_C3_20230930162953.jpg,3,10,0.06544263546665878,0.06268959816397011,0.34744187771002116,1.9762060917263313,True
plastic_nut/OK/S0174/plastic_nut_0174_OK_C3_20230930140102.jpg,3,01,0.04280512646793699,0.089346345256453,0.18943182065332595,1.7003783585505519,True
plastic_nut/OK/S0333/plastic_nut_0333_OK_C3_20230930153435.jpg,3,00,0.042316437880594825,0.04346001955135602,0.4711477940866485,1.8000601624928052,True
plastic_nut/OK/S0405/plastic_nut_0405_OK_C3_20230930155327.jpg,3,10,0.021083024298529995,0.06457561593370258,0.37401095653912764,1.604608315400581,True
plastic_nut/OK/S0199/plastic_nut_0199_OK_C3_20230930142914.jpg,3,00,0.07851372243065295,0.03253810949513241,0.4204008794830088,1.9513200782238709,True
plastic_nut/OK/S0199/plastic_nut_0199_OK_C3_20230930142914.jpg,3,01,0.003977160090959761,0.027424321426111935,0.3203207774960473,0.9546563701628116,True
plastic_nut/OK/S0199/plastic_nut_0199_OK_C3_20230930142914.jpg,3,10,0.015192253871623327,0.08115238055357815,0.3852631169686536,1.733972578189322,True
plastic_nut/OK/S0117/plastic_nut_0117_OK_C3_20230930133456.jpg,3,01,0.065770514098849,0.003922949765070886,0.3149026597399982,1.3267399581191952,True
plastic_nut/OK/S0036/plastic_nut_0036_OK_C3_20230930124755.jpg,3,01,0.006948423412827249,0.03916620193494866,0.2859021501143345,1.032950553706428,True
plastic_nut/OK/S0336/plastic_nut_0336_OK_C3_20230930153538.jpg,3,10,0.02008556482304676,0.0004359425280603687,0.46313410252976717,1.1314832785706055,True
plastic_nut/OK/S0312/plastic_nut_0312_OK_C3_20230930152602.jpg,3,01,0.01591494424633998,0.015599277876125285,0.26598375711123345,0.8471097354471195,True
plastic_nut/OK/S0465/plastic_nut_0465_OK_C3_20230930162235.jpg,3,00,0.062012691872319475,0.06986582439036522,0.48084172025917166,2.28046860314519,True
plastic_nut/OK/S0296/plastic_nut_0296_OK_C3_20230930152222.jpg,3,10,0.06447819401066117,0.061713526705137654,0.380063764041607,2.0220447352412023,True
plastic_nut/OK/S0256/plastic_nut_0256_OK_C3_20230930150025.jpg,3,00,0.010167560677092069,0.020745975597054364,0.29706330063615444,0.9032619640137732,True
plastic_nut/OK/S0256/plastic_nut_0256_OK_C3_20230930150025.jpg,3,01,0.02853184536875228,0.05286080354655214,0.30410715155446777,1.4221407922619798,True
plastic_nut/OK/S0486/plastic_nut_0486_OK_C3_20230930162637.jpg,3,00,0.08731944978356303,0.07694797788632242,0.23782610125707251,2.1183264792129997,True
plastic_nut/OK/S0334/plastic_nut_0334_OK_C3_20230930153512.jpg,3,10,0.06097044749552177,0.07901089900336596,0.40129343311425425,2.202400331217386,True
plastic_nut/OK/S0023/plastic_nut_0023_OK_C3_20230930124214.jpg,3,00,0.005758392533748204,0.07419476380077596,0.21690606180246721,1.233343686950176,True
plastic_nut/OK/S0023/plastic_nut_0023_OK_C3_20230930124214.jpg,3,01,0.09615432963790456,0.04754157515350061,0.30595626143457,2.0488715707831915,True
plastic_nut/OK/S0315/plastic_nut_0315_OK_C3_20230930152644.jpg,3,00,0.025567781856494453,0.03253185828645104,0.2971529248246775,1.1753022510788098,True
plastic_nut/OK/S0315/plastic_nut_0315_OK_C3_20230930152644.jpg,3,01,0.0736581834944568,0.08287961876291444,0.43690053974991794,2.439179102073548,True
plastic_nut/OK/S0191/plastic_nut_0191_OK_C3_20230930141508.jpg,3,10,0.09324522166832631,0.07568659908336685,0.45428820906455347,2.5978946256460382,True
plastic_nut/OK/S0167/plastic_nut_0167_OK_C3_20230930135849.jpg,3,00,0.05888814515260516,0.0913837782937174,0.4876217322098968,2.477962698883019,True
plastic_nut/OK/S0383/plastic_nut_0383_OK_C3_20230930154623.jpg,3,00,0.09693888897506697,0.032277031162199495,0.39742806806347425,2.087015337499613,True
plastic_nut/OK/S0383/plastic_nut_0383_OK_C3_20230930154623.jpg,3,01,0.09045861969642328,0.08992366286451953,0.4616210201746204,2.727064865958669,True
plastic_nut/OK/S0383/plastic_nut_0383_OK_C3_20230930154623.jpg,3,10,0.07359113686786978,0.05662491551617149,0.4168838754231557,2.135928274686724,True
plastic_nut/OK/S0484/plastic_nut_0484_OK_C3_20230930162613.jpg,3,00,0.00746521281339195,0.013218577977994849,0.3572564587133631,0.9213508253405942,True
plastic_nut/OK/S0484/plastic_nut_0484_OK_C3_20230930162613.jpg,3,10,0.07682416256207716,0.020327028595836027,0.2724726757720372,1.5164572631232063,True
plastic_nut/OK/S0209/plastic_nut_0209_OK_C3_20230930143442.jpg,3,00,0.04406577310382782,0.07179987076199697,0.2355609666034507,1.6297783718651493,True
plastic_nut/OK/S0209/plastic_nut_0209_OK_C3_20230930143442.jpg,3,10,0.008857857194409464,0.05384117145993048,0.44901412733111434,1.525018541205628,True
plastic_nut/OK/S0342/plastic_nut_0342_OK_C3_20230930153701.jpg,3,00,0.01722978769212658,0.07466717602690133,0.202538769495654,1.324047176181587,True
plastic_nut/OK/S0008/plastic_nut_0008_OK_C3_20230930121942.jpg,3,01,0.031028985460209522,0.029712748318925848,0.21115578563881124,1.029728909068976,True
plastic_nut/OK/S0005/plastic_nut_0005_OK_C3_20230930121644.jpg,3,00,0.030779469277496183,0.04974579501468322,0.07963412374703312,0.9645208904158602,True
plastic_nut/OK/S0248/plastic_nut_0248_OK_C3_20230930145747.jpg,3,00,0.05562498006409991,0.046273488397135625,0.4619195062696109,1.942823697151577,True
plastic_nut/OK/S0123/plastic_nut_0123_OK_C3_20230930133746.jpg,3,10,0.05746017449368673,0.04226476689567346,0.34139431127234066,1.6800380364382832,True
plastic_nut/OK/S0033/plastic_nut_0033_OK_C3_20230930124530.jpg,3,01,0.051159445471857905,0.034507495307170996,0.4750600680707538,1.8067895439317967,True
plastic_nut/OK/S0188/plastic_nut_0188_OK_C3_20230930141428.jpg,3,00,0.09168979145061523,0.02808699143151637,0.29973077353411465,1.7972293758895455,True
plastic_nut/OK/S0188/plastic_nut_0188_OK_C3_20230930141428.jpg,3,01,0.07473160171869354,0.019928464950254323,0.40474246722100443,1.7560856011314874,True
plastic_nut/OK/S0188/plastic_nut_0188_OK_C3_20230930141428.jpg,3,10,0.022994947447227333,0.0652544833316886,0.4535135237083654,1.7895213552058902,True
plastic_nut/OK/S0179/plastic_nut_0179_OK_C3_20230930140241.jpg,3,10,0.008735108925733296,0.09110135066712002,0.48197598547572756,1.9623165668799882,True
plastic_nut/OK/S0042/plastic_nut_0042_OK_C3_20230930125314.jpg,3,01,0.020382625213561982,0.0212692062837119,0.4035474967687819,1.2236133085103025,True
plastic_nut/OK/S0380/plastic_nut_0380_OK_C3_20230930154535.jpg,3,00,0.006454310783269684,0.020952655344218647,0.47233896817967297,1.2187475976342292,True
plastic_nut/OK/S0244/plastic_nut_0244_OK_C3_20230930145619.jpg,3,10,0.030287156117398847,0.09588543719058182,0.1784194341637034,1.6185648014072134,True
plastic_nut/OK/S0437/plastic_nut_0437_OK_C4_20230930160939.jpg,4,01,0.03924954090283977,0.023321004322265672,0.39384012865091045,1.4133857095528752,True
plastic_nut/OK/S0047/plastic_nut_0047_OK_C4_20230930125625.jpg,4,00,0.02066789902932338,0.03641325267782454,0.11552020306370464,0.8018519231988884,True
plastic_nut/OK/S0253/plastic_nut_0253_OK_C4_20230930145916.jpg,4,00,0.049165261228743616,0.06446299219391229,0.3778989406951117,1.8920804156167823,True
plastic_nut/OK/S0253/plastic_nut_0253_OK_C4_20230930145916.jpg,4,01,0.001867970269991314,0.050623952218673954,0.4097734252525684,1.3444660753917894,True
plastic_nut/OK/S0442/plastic_nut_0442_OK_C4_20230930161023.jpg,4,00,0.07621158927234485,0.05588821307742051,0.3603284128871121,2.0416548492718776,True
plastic_nut/OK/S0369/plastic_nut_0369_OK_C4_20230930154310.jpg,4,10,0.053262532372866545,0.01174497532768451,0.2710880755745666,1.1922512281546438,True
plastic_nut/OK/S0410/plastic_nut_0410_OK_C4_20230930155732.jpg,4,00,0.02265781001198529,0.08381526358050867,0.35905251874708577,1.7828357734191111,True
plastic_nut/OK/S0410/plastic_nut_0410_OK_C4_20230930155732.jpg,4,01,0.045810767110637876,0.06786236625356015,0.34755652929327596,1.8318443922285321,True
plastic_nut/OK/S0310/plastic_nut_0310_OK_C4_20230930152543.jpg,4,00,0.045212924354284895,0.024466697910227812,0.3681310434897205,1.4330583096245681,True
plastic_nut/OK/S0310/plastic_nut_0310_OK_C4_20230930152543.jpg,4,01,0.03605931464066522,0.04998581202849225,0.3130838041285788,1.4866188749487321,True
plastic_nut/OK/S0383/plastic_nut_0383_OK_C4_20230930154623.jpg,4,00,0.03252370731771492,0.029431912129443724,0.4532305810344246,1.5260173565404356,True
plastic_nut/OK/S0383/plastic_nut_0383_OK_C4_20230930154623.jpg,4,10,0.06136121220166123,0.05113264168480215,0.4219958740628323,1.968930286990298,True
plastic_nut/OK/S0005/plastic_nut_0005_OK_C4_20230930121644.jpg,4,01,0.040055976698048,0.0323191077303591,0.1953027660646728,1.1143563764134166,True
plastic_nut/OK/S0005/plastic_nut_0005_OK_C4_20230930121644.jpg,4,10,0.04586101333494479,0.025597636549572148,0.47724394625959954,1.6690743913643684,True
plastic_nut/OK/S0327/plastic_nut_0327_OK_C4_20230930153037.jpg,4,10,0.047719914065944904,0.022271705154813238,0.49239364144837494,1.6847034751043313,True
plastic_nut/OK/S0174/plastic_nut_0174_OK_C4_20230930140102.jpg,4,10,0.07594495087455219,0.009468284524954912,0.48188569753969385,1.8179037490744587,True
plastic_nut/OK/S0024/plastic_nut_0024_OK_C4_20230930124238.jpg,4,10,0.025778503190748325,0.07799731926959026,0.3028714550892343,1.6435011347818544,True
plastic_nut/OK/S0102/plastic_nut_0102_OK_C4_20230930132716.jpg,4,00,0.09721640799559192,0.05113024601606055,0.4421835175116889,2.3678335751399024,True
plastic_nut/OK/S0102/plastic_nut_0102_OK_C4_20230930132716.jpg,4,10,0.02667082717351132,0.029357539542018207,0.451429197314085,1.4631420617834654,True
plastic_nut/OK/S0163/plastic_nut_0163_OK_C4_20230930135712.jpg,4,01,0.09210599339732635,0.07944836311877274,0.2495562764837041,2.214656118128399,True
plastic_nut/OK/S0055/plastic_nut_0055_OK_C4_20230930130341.jpg,4,01,0.061587866218962416,0.014723898095213005,0.44237706639068153,1.6478717759231172,True
plastic_nut/OK/S0035/plastic_nut_0035_OK_C4_20230930124720.jpg,4,10,0.07813372896966007,0.04920473847918643,0.4451043624367105,2.163593399361886,True
plastic_nut/OK/S2002/plastic_nut_2002_OK_C4_20230930160612.jpg,4,01,0.09427330469654073,0.018902014877288743,0.4951217950234939,2.1219967857852824,True
plastic_nut/OK/S0297/plastic_nut_0297_OK_C4_20230930152230.jpg,4,01,0.0016401831925484487,0.052231290256657556,0.11075755599007243,0.7602298464722048,True
plastic_nut/OK/S0084/plastic_nut_0084_OK_C4_20230930131753.jpg,4,00,0.0032710227106415163,0.032706076951211076,0.12880032285318915,0.6173716423249042,True
plastic_nut/OK/S0335/plastic_nut_0335_OK_C4_20230930153531.jpg,4,00,0.06094449592678552,0.021575586110483096,0.4297634080806779,1.684727636534042,True
plastic_nut/OK/S0244/plastic_nut_0244_OK_C4_20230930145619.jpg,4,00,0.059985342139442364,0.05092514849816209,0.46091184399936197,2.0309285943747684,True
plastic_nut/OK/S0226/plastic_nut_0226_OK_C4_20230930144337.jpg,4,00,0.04172191587784408,0.052707053279197405,0.24328243649333167,1.4308545645570783,True
plastic_nut/OK/S0226/plastic_nut_0226_OK_C4_20230930144337.jpg,4,01,0.08383548207738112,0.00549130748648254,0.38174219263304693,1.6567522809047306,True
plastic_nut/OK/S0281/plastic_nut_0281_OK_C4_20230930151842.jpg,4,10,0.08553203486183517,0.053915888892039625,0.4702935589600684,2.335066355458885,True
plastic_nut/OK/S0206/plastic_nut_0206_OK_C4_20230930143313.jpg,4,01,0.07344317233948215,0.007105229618930286,0.309681646226829,1.4248473120377823,True
plastic_nut/OK/S0206/plastic_nut_0206_OK_C4_20230930143313.jpg,4,10,0.043284266064631864,0.0710319485556803,0.3837728937587903,1.9107079337207022,True
plastic_nut/OK/S0422/plastic_nut_0422_OK_C4_20230930160122.jpg,4,01,0.01679840283866988,0.011594872001679852,0.10060215449612456,0.4851370573957464,True
plastic_nut/OK/S0422/plastic_nut_0422_OK_C4_20230930160122.jpg,4,10,0.006011861449823953,0.08900936854637315,0.3041211944455098,1.5584546888529904,True
plastic_nut/OK/S0376/plastic_nut_0376_OK_C4_20230930154438.jpg,4,00,0.05990449147719779,0.053292861614913346,0.48434276465023995,2.1006590602215915,True
plastic_nut/OK/S0078/plastic_nut_0078_OK_C4_20230930131416.jpg,4,00,0.07998900494793654,0.01617317492018368,0.18673538988090338,1.335092578443009,True
plastic_nut/OK/S0078/plastic_nut_0078_OK_C4_20230930131416.jpg,4,10,0.07667507909830892,0.020972540948379904,0.4860544431659381,1.9485850867987644,True
plastic_nut/OK/S0312/plastic_nut_0312_OK_C4_20230930152602.jpg,4,00,0.0691704538233765,0.09028713643240341,0.4789824441962695,2.552540790950338,True
plastic_nut/OK/S0048/plastic_nut_0048_OK_C4_20230930125756.jpg,4,01,0.01633550942984329,0.0405153213085677,0.4462609161266684,1.4610301396374465,True
plastic_nut/OK/S0419/plastic_nut_0419_OK_C4_20230930160030.jpg,4,01,0.05851520615132181,0.028756591636959653,0.4306748234179812,1.734067624718777,True
plastic_nut/OK/S0419/plastic_nut_0419_OK_C4_20230930160030.jpg,4,10,0.08220665593590279,0.0017715533539796493,0.41191324972918875,1.663608592357202,True
plastic_nut/OK/S0470/plastic_nut_0470_OK_C4_20230930162349.jpg,4,00,0.017495389028842363,0.022435703574236795,0.34267432424108907,1.0846595745129697,True
plastic_nut/OK/S0470/plastic_nut_0470_OK_C4_20230930162349.jpg,4,01,0.011159543248190662,0.022976353474930284,0.3259149253468651,0.9931888179249397,True
plastic_nut/OK/S0494/plastic_nut_0494_OK_C4_20230930162854.jpg,4,00,0.04660522765408947,0.09949338311100803,0.10922453621327698,1.679435180077529,True
plastic_nut/OK/S0289/plastic_nut_0289_OK_C4_20230930152039.jpg,4,01,0.06641799708326537,0.024997176708582314,0.22127262434671882,1.3566969866119145,True
plastic_nut/OK/S0289/plastic_nut_0289_OK_C4_20230930152039.jpg,4,10,0.06071603906315651,0.07754953765208536,0.43638930303757434,2.2554343732275672,True
plastic_nut/OK/S0153/plastic_nut_0153_OK_C4_20230930135112.jpg,4,01,0.034788328403395304,0.08191249257572758,0.3714910876507939,1.9099903850928168,True
plastic_nut/OK/S0361/plastic_nut_0361_OK_C4_20230930154105.jpg,4,00,0.012963859536754923,0.089675599768707,0.31286179988286367,1.6521181928203466,True
plastic_nut/OK/S0400/plastic_nut_0400_OK_C4_20230930155159.jpg,4,01,0.020947533890075292,0.0022167548215039526,0.4418581674708865,1.1153592220575654,True
plastic_nut/OK/S0460/plastic_nut_0460_OK_C4_20230930162149.jpg,4,00,0.05639584304036161,0.07048868772203158,0.3791573443834344,2.0271599963908007,True
plastic_nut/OK/S0460/plastic_nut_0460_OK_C4_20230930162149.jpg,4,01,0.023111899170716793,0.06101375890462449,0.37016607222833414,1.5815887252100809,True
plastic_nut/OK/S0403/plastic_nut_0403_OK_C4_20230930155303.jpg,4,00,0.07729911064003718,0.031036270794152627,0.4619975264001536,2.007348867142205,True
plastic_nut/OK/S0403/plastic_nut_0403_OK_C4_20230930155303.jpg,4,10,0.0006140868900737365,0.03693110886601316,0.2597274823826038,0.8949069223260765,True
plastic_nut/OK/S0315/plastic_nut_0315_OK_C4_20230930152644.jpg,4,00,0.010479325859772735,0.03679550650963187,0.4071989830187945,1.287146289731635,True
plastic_nut/OK/S0315/plastic_nut_0315_OK_C4_20230930152644.jpg,4,01,0.048624442833727084,0.08651997675215713,0.41987212560335063,2.191188447065543,True
plastic_nut/OK/S0256/plastic_nut_0256_OK_C4_20230930150025.jpg,4,01,0.02668270522344992,0.0616134649990513,0.44095875651626165,1.7648792152575354,True
plastic_nut/OK/S0256/plastic_nut_0256_OK_C4_20230930150025.jpg,4,10,0.08290825056230176,0.022252062625388265,0.4187760586275724,1.889155249132045,True
plastic_nut/OK/S0061/plastic_nut_0061_OK_C4_20230930130524.jpg,4,00,0.061124344153429044,0.06254302930100353,0.49272726236437697,2.2221282592730796,True
plastic_nut/OK/S0061/plastic_nut_0061_OK_C4_20230930130524.jpg,4,01,0.03775523521591673,0.06124547776288079,0.4915069448119848,1.9730210194119446,True
plastic_nut/OK/S0497/plastic_nut_0497_OK_C4_20230930162944.jpg,4,01,0.03649067296626005,0.0318652756286726,0.45943967561396404,1.6024388371772544,True
plastic_nut/OK/S0006/plastic_nut_0006_OK_C4_20230930121700.jpg,4,00,0.03885463012784894,0.07455588591621698,0.4778436100650022,2.0897923805706635,True
plastic_nut/OK/S0301/plastic_nut_0301_OK_C4_20230930152324.jpg,4,00,0.013525863129306138,0.01523158123878059,0.28845336679132855,0.8644811772635244,True
plastic_nut/OK/S0301/plastic_nut_0301_OK_C4_20230930152324.jpg,4,01,0.043282057305545615,0.01975067660193333,0.2756354275712241,1.1815981942172376,True
plastic_nut/OK/S0229/plastic_nut_0229_OK_C4_20230930144533.jpg,4,00,0.07789151523006713,0.05876409989430009,0.4648031893215916,2.296162529886855,True
plastic_nut/OK/S0488/plastic_nut_0488_OK_C4_20230930162702.jpg,4,10,0.00236391634057664,0.007049562628469246,0.4693745873494474,1.0328839643893537,True
plastic_nut/OK/S0150/plastic_nut_0150_OK_C4_20230930134853.jpg,4,01,0.09327264564449686,0.014987045897237088,0.4647318493742249,2.0120606141657893,True
plastic_nut/OK/S0192/plastic_nut_0192_OK_C4_20230930141520.jpg,4,10,0.0033775321474515,0.011607179503370325,0.3767071627454928,0.9032614419992039,True
plastic_nut/OK/S0352/plastic_nut_0352_OK_C4_20230930153902.jpg,4,10,0.05077070249269063,0.0739424228115876,0.2539383490350651,1.7550079511129124,True
plastic_nut/OK/S0474/plastic_nut_0474_OK_C4_20230930162424.jpg,4,00,0.00834201357502608,0.030279673640869174,0.4565097167757868,1.299236305710526,True
plastic_nut/OK/S0474/plastic_nut_0474_OK_C4_20230930162424.jpg,4,01,0.04536686651195068,0.02666799101416136,0.25047785933395367,1.2213042939290277,True
plastic_nut/OK/S0474/plastic_nut_0474_OK_C4_20230930162424.jpg,4,10,0.026630722737448,0.04038301084667647,0.4200812059734285,1.5102997477881015,True
plastic_nut/OK/S0007/plastic_nut_0007_OK_C4_20230930121722.jpg,4,01,0.07014479550385962,0.09527128489563857,0.4747365379969796,2.603633879988941,True
plastic_nut/OK/S0083/plastic_nut_0083_OK_C4_20230930131723.jpg,4,00,0.004217616034347937,0.061795615578486854,0.36837690456345906,1.396886125255266,True
plastic_nut/OK/S0083/plastic_nut_0083_OK_C4_20230930131723.jpg,4,01,0.03885181979462096,0.04153462945610871,0.42348094183853385,1.6508263761843645,True
plastic_nut/OK/S0023/plastic_nut_0023_OK_C4_20230930124214.jpg,4,10,0.02678172879392156,9.83649023728344e-05,0.3394262019072315,0.9476533407774069,True
plastic_nut/OK/S0495/plastic_nut_0495_OK_C4_20230930162911.jpg,4,10,0.04533932454723052,0.08650805296994166,0.39742546835413317,2.1133247118799883,True
plastic_nut/OK/S0044/plastic_nut_0044_OK_C4_20230930125403.jpg,4,01,0.02555560692577123,0.03786483595572094,0.1052106408867615,0.8446257105884447,True
plastic_nut/OK/S0382/plastic_nut_0382_OK_C4_20230930154556.jpg,4,10,0.04174762368957889,0.021983216227064867,0.30014612464806767,1.237600648462573,True
plastic_nut/OK/S0190/plastic_nut_0190_OK_C4_20230930141457.jpg,4,00,0.000623107879406815,0.02954547666395248,0.28082196697480044,0.8633297793831938,True
plastic_nut/OK/S0054/plastic_nut_0054_OK_C4_20230930130233.jpg,4,01,0.0522035170172906,0.07646905848555312,0.4327425277774371,2.1522108105833113,True
plastic_nut/OK/S0313/plastic_nut_0313_OK_C4_20230930152621.jpg,4,00,0.020490547471288794,0.005409925248332695,0.4787814233436251,1.2165675738834651,True
plastic_nut/OK/S0313/plastic_nut_0313_OK_C4_20230930152621.jpg,4,01,0.04356457843309977,0.09250699712002595,0.25992807904941484,1.880571913630087,True
plastic_nut/OK/S0258/plastic_nut_0258_OK_C4_20230930150209.jpg,4,01,0.05178742376481397,0.08641471391548819,0.4910191436231241,2.36405966404927,True
plastic_nut/OK/S0188/plastic_nut_0188_OK_C4_20230930141428.jpg,4,10,0.06668017173915715,0.005912913156502157,0.3299365944695093,1.3858040378956116,True
plastic_nut/OK/S0333/plastic_nut_0333_OK_C5_20230930153435.jpg,5,10,0.03407000966459921,0.02924304039671132,0.09150686622856434,0.8161442330702339,True
plastic_nut/OK/S0084/plastic_nut_0084_OK_C5_20230930131753.jpg,5,00,0.03032075872330377,0.05381080159616246,0.18590756694978816,1.2131307370942386,True
plastic_nut/OK/S0229/plastic_nut_0229_OK_C5_20230930144533.jpg,5,10,0.016892498223424555,0.09099461238871169,0.460401266849275,1.9996736398199122,True
plastic_nut/OK/S0470/plastic_nut_0470_OK_C5_20230930162349.jpg,5,01,0.02778296270173146,0.03113262115876026,0.32793058882698706,1.2450170162588914,True
plastic_nut/OK/S0334/plastic_nut_0334_OK_C5_20230930153512.jpg,5,00,0.09975047775309626,0.0886672396509918,0.29802893479829734,2.4802350436374754,True
plastic_nut/OK/S0403/plastic_nut_0403_OK_C5_20230930155303.jpg,5,00,0.030754037646087362,0.07444652341216573,0.4725278324699777,1.9970612755224866,True
plastic_nut/OK/S0026/plastic_nut_0026_OK_C5_20230930124311.jpg,5,01,0.010582969448562912,0.021238433365702258,0.3609678748371581,1.0401497778169677,True
plastic_nut/OK/S0307/plastic_nut_0307_OK_C5_20230930152429.jpg,5,01,0.02156230395881559,0.08805823912158582,0.3212657732134607,1.7387369772309356,True
plastic_nut/OK/S0113/plastic_nut_0113_OK_C5_20230930133220.jpg,5,10,0.030420283519965032,0.06291861328002045,0.2816244084587841,1.4966377849174228,True
plastic_nut/OK/S0295/plastic_nut_0295_OK_C5_20230930152205.jpg,5,10,0.009850145727359759,0.01813603507838084,0.1780576632747514,0.6359771346069087,True
plastic_nut/OK/S0006/plastic_nut_0006_OK_C5_20230930121700.jpg,5,01,0.05042708738032814,0.007279480062111238,0.11939545529672653,0.8158565850178469,True
plastic_nut/OK/S0419/plastic_nut_0419_OK_C5_20230930160030.jpg,5,00,0.041391948632492556,0.04896618948555466,0.4565534688320607,1.8166883188445935,True
plastic_nut/OK/S0419/plastic_nut_0419_OK_C5_20230930160030.jpg,5,01,0.044517567149414475,0.019664429153629055,0.4530197247905366,1.5478594126115084,True
plastic_nut/OK/S0392/plastic_nut_0392_OK_C5_20230930154918.jpg,5,01,0.04285282813105128,0.05349513323445925,0.3541590301129675,1.6717976738810403,True
plastic_nut/OK/S0392/plastic_nut_0392_OK_C5_20230930154918.jpg,5,10,0.045735157767002946,0.028983837950189262,0.44710220025218605,1.6413943576762942,True
plastic_nut/OK/S0448/plastic_nut_0448_OK_C5_20230930161132.jpg,5,00,0.0738412109023896,0.054494019554320317,0.3242465557890834,1.9318454161452658,True
plastic_nut/OK/S0134/plastic_nut_0134_OK_C5_20230930134129.jpg,5,00,0.040011063608640915,0.07292152439480608,0.3382900926571425,1.8059060653487549,True
plastic_nut/OK/S0342/plastic_nut_0342_OK_C5_20230930153701.jpg,5,01,0.09094226228647558,0.0018916545221159507,0.24661084913333325,1.4215608663525816,True
plastic_nut/OK/S0342/plastic_nut_0342_OK_C5_20230930153701.jpg,5,10,0.011844709283635043,0.08406955598393336,0.3945666060567213,1.7482758647891266,True
plastic_nut/OK/S0150/plastic_nut_0150_OK_C5_20230930134853.jpg,5,10,0.0977052639877448,0.0027863463237317344,0.3472898056083401,1.6994957143314455,True
plastic_nut/OK/S0475/plastic_nut_0475_OK_C5_20230930162440.jpg,5,00,0.009343925042708099,0.09395128632496005,0.30638382387181173,1.645719761420305,True
plastic_nut/OK/S0162/plastic_nut_0162_OK_C5_20230930135627.jpg,5,10,0.0685923724315037,0.0189939942374952,0.22605864765822237,1.3279809620064338,True
plastic_nut/OK/S0136/plastic_nut_0136_OK_C5_20230930134207.jpg,5,10,0.0062056148945895,0.03578193190604605,0.19155952362255402,0.8029945152514635,True
plastic_nut/OK/S0175/plastic_nut_0175_OK_C5_20230930140113.jpg,5,10,0.055991399314384606,0.020224061348740784,0.39617297274383695,1.554500552118928,True
plastic_nut/OK/S0024/plastic_nut_0024_OK_C5_20230930124238.jpg,5,01,0.016594150677294275,0.03433786529515808,0.48267927778122705,1.4746787152869776,True
plastic_nut/OK/S0460/plastic_nut_0460_OK_C5_20230930162149.jpg,5,10,0.08349548642733039,0.03954421650440427,0.4467013551863445,2.1237997396900354,True
plastic_nut/OK/S0199/plastic_nut_0199_OK_C5_20230930142914.jpg,5,01,0.09214143193544491,0.003152827897892863,0.4638896704192276,1.8807219391718328,True
plastic_nut/OK/S0380/plastic_nut_0380_OK_C5_20230930154535.jpg,5,00,0.07434584538999564,0.09189070345041989,0.4166138485331028,2.495593185470361,True
plastic_nut/OK/S0219/plastic_nut_0219_OK_C5_20230930144048.jpg,5,10,0.011964812829240213,0.06251254911758694,0.368228375453401,1.4812303703750733,True
plastic_nut/OK/S0216/plastic_nut_0216_OK_C5_20230930144007.jpg,5,00,0.045984821095428396,0.028247305309841656,0.29957321941749265,1.3414677028876858,True
plastic_nut/OK/S0332/plastic_nut_0332_OK_C5_20230930153425.jpg,5,10,0.08962499239186371,0.04548171553862134,0.4495904338504602,2.2502479470057706,True
plastic_nut/OK/S0281/plastic_nut_0281_OK_C5_20230930151842.jpg,5,00,0.09879246432705273,0.006975935114247362,0.18443211115220629,1.4265482167174133,True
plastic_nut/OK/S0090/plastic_nut_0090_OK_C5_20230930132057.jpg,5,01,0.08258967405220442,0.04653845348829097,0.4437429248919456,2.178767125188845,True
plastic_nut/OK/S0289/plastic_nut_0289_OK_C5_20230930152039.jpg,5,00,0.06235195179652272,0.0587688773808698,0.3316776042608699,1.8745635002956649,True
plastic_nut/OK/S0174/plastic_nut_0174_OK_C5_20230930140102.jpg,5,01,0.03943150852381841,0.04673560862499094,0.26443159369726144,1.3905343588826162,True
plastic_nut/OK/S0391/plastic_nut_0391_OK_C5_20230930154856.jpg,5,00,0.003836851993732007,0.014232102987981568,0.18324545315314167,0.547180456123419,True
plastic_nut/OK/S0123/plastic_nut_0123_OK_C5_20230930133746.jpg,5,01,0.06026376273007625,0.07842852853311348,0.40209503526274437,2.191112983157386,True
plastic_nut/OK/S0235/plastic_nut_0235_OK_C5_20230930144846.jpg,5,10,0.015874515664327127,0.041061579719678186,0.4639393767796548,1.4972397073993626,True
plastic_nut/OK/S0268/plastic_nut_0268_OK_C5_20230930150712.jpg,5,00,0.03595892630738525,0.07034428726441247,0.4578618372727752,1.9787558102635274,True
plastic_nut/OK/S0407/plastic_nut_0407_OK_C5_20230930155522.jpg,5,00,0.008838265691521451,0.05388523074899486,0.16906180778584307,0.9653585799768492,True
plastic_nut/OK/S0117/plastic_nut_0117_OK_C5_20230930133456.jpg,5,00,0.05862382458823598,0.005005021158379376,0.3085850194313328,1.2534584963288191,True
plastic_nut/OK/S0273/plastic_nut_0273_OK_C5_20230930150816.jpg,5,00,0.004527037273374035,0.0628056771603045,0.12000351341742276,0.9133341711716308,True
plastic_nut/OK/S0273/plastic_nut_0273_OK_C5_20230930150816.jpg,5,10,0.06572138509404186,0.03006107797453449,0.48565758327463704,1.9291397972350377,True
plastic_nut/OK/S0119/plastic_nut_0119_OK_C5_20230930133536.jpg,5,01,0.032998116217933054,0.035208859818641296,0.45019453732774434,1.582458835021232,True
plastic_nut/OK/S0410/plastic_nut_0410_OK_C5_20230930155732.jpg,5,01,0.019112158638227492,0.09929292333783678,0.2668930224783523,1.7178368647173472,True
plastic_nut/OK/S0098/plastic_nut_0098_OK_C5_20230930132459.jpg,5,00,0.009459689170010699,0.07979368762092116,0.4894509817090197,1.871435731327358,True
plastic_nut/OK/S0430/plastic_nut_0430_OK_C5_20230930160445.jpg,5,00,0.07411390803804095,0.08264221382701134,0.41643661968963996,2.4004344580298027,True
plastic_nut/OK/S0383/plastic_nut_0383_OK_C5_20230930154623.jpg,5,00,0.041750579962491964,0.06076661975329083,0.3849684022695027,1.7951088016968333,True
plastic_nut/OK/S0383/plastic_nut_0383_OK_C5_20230930154623.jpg,5,10,0.026053056315807947,0.010643374618383064,0.3105799917888235,0.9881242929195571,True
plastic_nut/OK/S0452/plastic_nut_0452_OK_C5_20230930162013.jpg,5,01,0.09012461634621188,0.08667139731821329,0.435189813843705,2.6383397643316617,True
plastic_nut/OK/S0263/plastic_nut_0263_OK_C5_20230930150425.jpg,5,00,0.021073701747602185,0.009851339305593858,0.18773744454864302,0.6847252996292464,True
plastic_nut/OK/S0245/plastic_nut_0245_OK_C5_20230930145632.jpg,5,10,0.040547441040157194,0.02464919874744036,0.38512343148155875,1.4222132608390932,True
