deletion,prototype,path,row,col,camera,group_key
target,6,plastic_nut/OK/S0498/plastic_nut_0498_OK_C3_20230930162953.jpg,0,0,3,plastic_nut::plastic_nut_0498_OK
target,22,plastic_nut/OK/S0029/plastic_nut_0029_OK_C5_20230930124349.jpg,0,33,5,plastic_nut::plastic_nut_0029_OK
target,34,plastic_nut/OK/S2002/plastic_nut_2002_OK_C5_20230930160612.jpg,5,0,5,plastic_nut::plastic_nut_2002_OK
target,36,plastic_nut/OK/S0478/plastic_nut_0478_OK_C4_20230930162517.jpg,0,11,4,plastic_nut::plastic_nut_0478_OK
target,143,plastic_nut/OK/S0069/plastic_nut_0069_OK_C1_20230930131115.jpg,0,21,1,plastic_nut::plastic_nut_0069_OK
target,147,plastic_nut/OK/S0272/plastic_nut_0272_OK_C5_20230930150805.jpg,0,13,5,plastic_nut::plastic_nut_0272_OK
target,207,plastic_nut/OK/S0488/plastic_nut_0488_OK_C5_20230930162702.jpg,4,0,5,plastic_nut::plastic_nut_0488_OK
target,239,plastic_nut/OK/S0349/plastic_nut_0349_OK_C2_20230930153822.jpg,21,0,2,plastic_nut::plastic_nut_0349_OK
target,255,plastic_nut/OK/S0307/plastic_nut_0307_OK_C5_20230930152429.jpg,37,0,5,plastic_nut::plastic_nut_0307_OK
target,262,plastic_nut/OK/S2002/plastic_nut_2002_OK_C5_20230930160612.jpg,0,17,5,plastic_nut::plastic_nut_2002_OK
target,291,plastic_nut/OK/S0023/plastic_nut_0023_OK_C4_20230930124214.jpg,3,0,4,plastic_nut::plastic_nut_0023_OK
target,331,plastic_nut/OK/S0327/plastic_nut_0327_OK_C1_20230930153037.jpg,0,5,1,plastic_nut::plastic_nut_0327_OK
target,343,plastic_nut/OK/S0024/plastic_nut_0024_OK_C1_20230930124238.jpg,0,63,1,plastic_nut::plastic_nut_0024_OK
target,352,plastic_nut/OK/S0029/plastic_nut_0029_OK_C5_20230930124349.jpg,0,49,5,plastic_nut::plastic_nut_0029_OK
target,384,plastic_nut/OK/S0036/plastic_nut_0036_OK_C4_20230930124755.jpg,36,0,4,plastic_nut::plastic_nut_0036_OK
target,393,plastic_nut/OK/S0295/plastic_nut_0295_OK_C1_20230930152205.jpg,0,18,1,plastic_nut::plastic_nut_0295_OK
target,413,plastic_nut/OK/S0332/plastic_nut_0332_OK_C4_20230930153425.jpg,42,0,4,plastic_nut::plastic_nut_0332_OK
target,504,plastic_nut/OK/S0053/plastic_nut_0053_OK_C4_20230930130206.jpg,0,11,4,plastic_nut::plastic_nut_0053_OK
target,561,plastic_nut/OK/S0307/plastic_nut_0307_OK_C1_20230930152429.jpg,9,0,1,plastic_nut::plastic_nut_0307_OK
target,566,plastic_nut/OK/S0035/plastic_nut_0035_OK_C4_20230930124720.jpg,58,0,4,plastic_nut::plastic_nut_0035_OK
target,597,plastic_nut/OK/S0042/plastic_nut_0042_OK_C4_20230930125314.jpg,0,33,4,plastic_nut::plastic_nut_0042_OK
target,668,plastic_nut/OK/S0332/plastic_nut_0332_OK_C3_20230930153425.jpg,0,45,3,plastic_nut::plastic_nut_0332_OK
target,691,plastic_nut/OK/S0199/plastic_nut_0199_OK_C1_20230930142914.jpg,27,0,1,plastic_nut::plastic_nut_0199_OK
target,703,plastic_nut/OK/S0033/plastic_nut_0033_OK_C4_20230930124530.jpg,8,0,4,plastic_nut::plastic_nut_0033_OK
target,747,plastic_nut/OK/S0277/plastic_nut_0277_OK_C1_20230930150935.jpg,59,0,1,plastic_nut::plastic_nut_0277_OK
target,749,plastic_nut/OK/S0035/plastic_nut_0035_OK_C4_20230930124720.jpg,0,3,4,plastic_nut::plastic_nut_0035_OK
target,775,plastic_nut/OK/S0333/plastic_nut_0333_OK_C3_20230930153435.jpg,0,17,3,plastic_nut::plastic_nut_0333_OK
target,777,plastic_nut/OK/S0410/plastic_nut_0410_OK_C2_20230930155732.jpg,43,0,2,plastic_nut::plastic_nut_0410_OK
target,779,plastic_nut/OK/S0474/plastic_nut_0474_OK_C5_20230930162424.jpg,0,39,5,plastic_nut::plastic_nut_0474_OK
target,823,plastic_nut/OK/S0405/plastic_nut_0405_OK_C4_20230930155327.jpg,8,0,4,plastic_nut::plastic_nut_0405_OK
target,857,plastic_nut/OK/S0495/plastic_nut_0495_OK_C1_20230930162911.jpg,41,0,1,plastic_nut::plastic_nut_0495_OK
target,944,plastic_nut/OK/S0026/plastic_nut_0026_OK_C4_20230930124311.jpg,48,0,4,plastic_nut::plastic_nut_0026_OK
target,1054,plastic_nut/OK/S0214/plastic_nut_0214_OK_C1_20230930143932.jpg,0,36,1,plastic_nut::plastic_nut_0214_OK
target,1086,plastic_nut/OK/S0297/plastic_nut_0297_OK_C4_20230930152230.jpg,0,52,4,plastic_nut::plastic_nut_0297_OK
target,1106,plastic_nut/OK/S0383/plastic_nut_0383_OK_C5_20230930154623.jpg,13,0,5,plastic_nut::plastic_nut_0383_OK
target,1156,plastic_nut/OK/S0191/plastic_nut_0191_OK_C1_20230930141508.jpg,0,44,1,plastic_nut::plastic_nut_0191_OK
target,1321,plastic_nut/OK/S0439/plastic_nut_0439_OK_C3_20230930160953.jpg,0,42,3,plastic_nut::plastic_nut_0439_OK
target,1420,plastic_nut/OK/S0336/plastic_nut_0336_OK_C4_20230930153538.jpg,63,0,4,plastic_nut::plastic_nut_0336_OK
target,1431,plastic_nut/OK/S0007/plastic_nut_0007_OK_C1_20230930121722.jpg,0,22,1,plastic_nut::plastic_nut_0007_OK
target,1446,plastic_nut/OK/S0297/plastic_nut_0297_OK_C5_20230930152230.jpg,0,45,5,plastic_nut::plastic_nut_0297_OK
target,1454,plastic_nut/OK/S0478/plastic_nut_0478_OK_C5_20230930162517.jpg,35,0,5,plastic_nut::plastic_nut_0478_OK
target,1467,plastic_nut/OK/S0410/plastic_nut_0410_OK_C1_20230930155732.jpg,0,7,1,plastic_nut::plastic_nut_0410_OK
target,1614,plastic_nut/OK/S0156/plastic_nut_0156_OK_C1_20230930135303.jpg,22,0,1,plastic_nut::plastic_nut_0156_OK
target,1633,plastic_nut/OK/S2002/plastic_nut_2002_OK_C4_20230930160612.jpg,0,28,4,plastic_nut::plastic_nut_2002_OK
target,1638,plastic_nut/OK/S0216/plastic_nut_0216_OK_C5_20230930144007.jpg,0,8,5,plastic_nut::plastic_nut_0216_OK
target,1658,plastic_nut/OK/S0488/plastic_nut_0488_OK_C5_20230930162702.jpg,0,15,5,plastic_nut::plastic_nut_0488_OK
target,1659,plastic_nut/OK/S0023/plastic_nut_0023_OK_C4_20230930124214.jpg,61,0,4,plastic_nut::plastic_nut_0023_OK
target,1688,plastic_nut/OK/S0410/plastic_nut_0410_OK_C1_20230930155732.jpg,29,0,1,plastic_nut::plastic_nut_0410_OK
target,1712,plastic_nut/OK/S0008/plastic_nut_0008_OK_C5_20230930121942.jpg,0,51,5,plastic_nut::plastic_nut_0008_OK
target,1727,plastic_nut/OK/S0403/plastic_nut_0403_OK_C3_20230930155303.jpg,12,0,3,plastic_nut::plastic_nut_0403_OK
target,1745,plastic_nut/OK/S0452/plastic_nut_0452_OK_C4_20230930162013.jpg,0,42,4,plastic_nut::plastic_nut_0452_OK
target,1757,plastic_nut/OK/S0488/plastic_nut_0488_OK_C5_20230930162702.jpg,16,0,5,plastic_nut::plastic_nut_0488_OK
target,1796,plastic_nut/OK/S0167/plastic_nut_0167_OK_C3_20230930135849.jpg,0,43,3,plastic_nut::plastic_nut_0167_OK
target,1893,plastic_nut/OK/S0484/plastic_nut_0484_OK_C1_20230930162613.jpg,5,0,1,plastic_nut::plastic_nut_0484_OK
target,1947,plastic_nut/OK/S0230/plastic_nut_0230_OK_C5_20230930144559.jpg,38,0,5,plastic_nut::plastic_nut_0230_OK
target,1985,plastic_nut/OK/S0403/plastic_nut_0403_OK_C1_20230930155303.jpg,11,0,1,plastic_nut::plastic_nut_0403_OK
target,2044,plastic_nut/OK/S0023/plastic_nut_0023_OK_C4_20230930124214.jpg,0,48,4,plastic_nut::plastic_nut_0023_OK
target,2052,plastic_nut/OK/S0369/plastic_nut_0369_OK_C5_20230930154310.jpg,63,0,5,plastic_nut::plastic_nut_0369_OK
target,2102,plastic_nut/OK/S0005/plastic_nut_0005_OK_C3_20230930121644.jpg,56,0,3,plastic_nut::plastic_nut_0005_OK
target,2148,plastic_nut/OK/S0467/plastic_nut_0467_OK_C3_20230930162310.jpg,36,0,3,plastic_nut::plastic_nut_0467_OK
target,2149,plastic_nut/OK/S0305/plastic_nut_0305_OK_C5_20230930152410.jpg,40,0,5,plastic_nut::plastic_nut_0305_OK
target,2150,plastic_nut/OK/S0403/plastic_nut_0403_OK_C2_20230930155303.jpg,26,0,2,plastic_nut::plastic_nut_0403_OK
target,2227,plastic_nut/OK/S0033/plastic_nut_0033_OK_C4_20230930124530.jpg,0,54,4,plastic_nut::plastic_nut_0033_OK
target,2231,plastic_nut/OK/S0061/plastic_nut_0061_OK_C4_20230930130524.jpg,15,0,4,plastic_nut::plastic_nut_0061_OK
target,2307,plastic_nut/OK/S0113/plastic_nut_0113_OK_C3_20230930133220.jpg,52,0,3,plastic_nut::plastic_nut_0113_OK
target,2318,plastic_nut/OK/S0431/plastic_nut_0431_OK_C1_20230930160457.jpg,0,27,1,plastic_nut::plastic_nut_0431_OK
target,2335,plastic_nut/OK/S0080/plastic_nut_0080_OK_C3_20230930131605.jpg,0,12,3,plastic_nut::plastic_nut_0080_OK
target,2365,plastic_nut/OK/S0191/plastic_nut_0191_OK_C4_20230930141508.jpg,42,0,4,plastic_nut::plastic_nut_0191_OK
target,2403,plastic_nut/OK/S0296/plastic_nut_0296_OK_C2_20230930152222.jpg,5,0,2,plastic_nut::plastic_nut_0296_OK
target,2563,plastic_nut/OK/S0277/plastic_nut_0277_OK_C2_20230930150935.jpg,38,0,2,plastic_nut::plastic_nut_0277_OK
target,2839,plastic_nut/OK/S0179/plastic_nut_0179_OK_C5_20230930140241.jpg,47,0,5,plastic_nut::plastic_nut_0179_OK
target,2850,plastic_nut/OK/S0029/plastic_nut_0029_OK_C5_20230930124349.jpg,0,61,5,plastic_nut::plastic_nut_0029_OK
target,2932,plastic_nut/OK/S0026/plastic_nut_0026_OK_C4_20230930124311.jpg,20,0,4,plastic_nut::plastic_nut_0026_OK
target,2993,plastic_nut/OK/S0054/plastic_nut_0054_OK_C4_20230930130233.jpg,0,57,4,plastic_nut::plastic_nut_0054_OK
target,3049,plastic_nut/OK/S0391/plastic_nut_0391_OK_C1_20230930154856.jpg,0,0,1,plastic_nut::plastic_nut_0391_OK
target,3054,plastic_nut/OK/S0044/plastic_nut_0044_OK_C4_20230930125403.jpg,0,36,4,plastic_nut::plastic_nut_0044_OK
target,3064,plastic_nut/OK/S0005/plastic_nut_0005_OK_C3_20230930121644.jpg,63,0,3,plastic_nut::plastic_nut_0005_OK
target,3220,plastic_nut/OK/S0349/plastic_nut_0349_OK_C1_20230930153822.jpg,0,7,1,plastic_nut::plastic_nut_0349_OK
target,3251,plastic_nut/OK/S2001/plastic_nut_2001_OK_C4_20230930160601.jpg,21,0,4,plastic_nut::plastic_nut_2001_OK
target,3272,plastic_nut/OK/S0307/plastic_nut_0307_OK_C5_20230930152429.jpg,38,0,5,plastic_nut::plastic_nut_0307_OK
target,3307,plastic_nut/OK/S0315/plastic_nut_0315_OK_C1_20230930152644.jpg,63,0,1,plastic_nut::plastic_nut_0315_OK
target,3474,plastic_nut/OK/S0044/plastic_nut_0044_OK_C5_20230930125403.jpg,32,0,5,plastic_nut::plastic_nut_0044_OK
target,3528,plastic_nut/OK/S0061/plastic_nut_0061_OK_C4_20230930130524.jpg,25,0,4,plastic_nut::plastic_nut_0061_OK
target,3608,plastic_nut/OK/S0470/plastic_nut_0470_OK_C1_20230930162349.jpg,0,40,1,plastic_nut::plastic_nut_0470_OK
target,3647,plastic_nut/OK/S0477/plastic_nut_0477_OK_C2_20230930162508.jpg,58,0,2,plastic_nut::plastic_nut_0477_OK
target,3678,plastic_nut/OK/S0023/plastic_nut_0023_OK_C4_20230930124214.jpg,0,8,4,plastic_nut::plastic_nut_0023_OK
target,3682,plastic_nut/OK/S0289/plastic_nut_0289_OK_C1_20230930152039.jpg,19,0,1,plastic_nut::plastic_nut_0289_OK
target,3691,plastic_nut/OK/S0486/plastic_nut_0486_OK_C2_20230930162637.jpg,56,0,2,plastic_nut::plastic_nut_0486_OK
target,3709,plastic_nut/OK/S0405/plastic_nut_0405_OK_C2_20230930155327.jpg,0,26,2,plastic_nut::plastic_nut_0405_OK
target,3949,plastic_nut/OK/S0188/plastic_nut_0188_OK_C4_20230930141428.jpg,0,15,4,plastic_nut::plastic_nut_0188_OK
target,4065,plastic_nut/OK/S0082/plastic_nut_0082_OK_C1_20230930131701.jpg,33,0,1,plastic_nut::plastic_nut_0082_OK
target,4083,plastic_nut/OK/S0042/plastic_nut_0042_OK_C4_20230930125314.jpg,0,48,4,plastic_nut::plastic_nut_0042_OK
sham,2865,plastic_nut/OK/S0308/plastic_nut_0308_OK_C1_20230930152439.jpg,26,24,1,plastic_nut::plastic_nut_0308_OK
sham,7,plastic_nut/OK/S0390/plastic_nut_0390_OK_C1_20230930154848.jpg,30,22,1,plastic_nut::plastic_nut_0390_OK
sham,1344,plastic_nut/OK/S0154/plastic_nut_0154_OK_C1_20230930135150.jpg,26,10,1,plastic_nut::plastic_nut_0154_OK
sham,2695,plastic_nut/OK/S0410/plastic_nut_0410_OK_C1_20230930155732.jpg,44,50,1,plastic_nut::plastic_nut_0410_OK
sham,517,plastic_nut/OK/S0245/plastic_nut_0245_OK_C1_20230930145632.jpg,26,4,1,plastic_nut::plastic_nut_0245_OK
sham,804,plastic_nut/OK/S0253/plastic_nut_0253_OK_C1_20230930145916.jpg,46,30,1,plastic_nut::plastic_nut_0253_OK
sham,398,plastic_nut/OK/S0216/plastic_nut_0216_OK_C1_20230930144007.jpg,38,52,1,plastic_nut::plastic_nut_0216_OK
sham,990,plastic_nut/OK/S0177/plastic_nut_0177_OK_C1_20230930140139.jpg,50,53,1,plastic_nut::plastic_nut_0177_OK
sham,3066,plastic_nut/OK/S0332/plastic_nut_0332_OK_C1_20230930153425.jpg,42,23,1,plastic_nut::plastic_nut_0332_OK
sham,2775,plastic_nut/OK/S0285/plastic_nut_0285_OK_C1_20230930151943.jpg,40,9,1,plastic_nut::plastic_nut_0285_OK
sham,661,plastic_nut/OK/S0497/plastic_nut_0497_OK_C1_20230930162944.jpg,10,39,1,plastic_nut::plastic_nut_0497_OK
sham,1884,plastic_nut/OK/S0474/plastic_nut_0474_OK_C1_20230930162424.jpg,22,51,1,plastic_nut::plastic_nut_0474_OK
sham,2133,plastic_nut/OK/S0315/plastic_nut_0315_OK_C1_20230930152644.jpg,14,21,1,plastic_nut::plastic_nut_0315_OK
sham,1477,plastic_nut/OK/S0256/plastic_nut_0256_OK_C1_20230930150025.jpg,23,8,1,plastic_nut::plastic_nut_0256_OK
sham,744,plastic_nut/OK/S0361/plastic_nut_0361_OK_C1_20230930154105.jpg,55,30,1,plastic_nut::plastic_nut_0361_OK
sham,3127,plastic_nut/OK/S0191/plastic_nut_0191_OK_C1_20230930141508.jpg,57,30,1,plastic_nut::plastic_nut_0191_OK
sham,330,plastic_nut/OK/S0240/plastic_nut_0240_OK_C1_20230930145423.jpg,13,32,1,plastic_nut::plastic_nut_0240_OK
sham,3784,plastic_nut/OK/S0381/plastic_nut_0381_OK_C1_20230930154544.jpg,7,34,1,plastic_nut::plastic_nut_0381_OK
sham,771,plastic_nut/OK/S0289/plastic_nut_0289_OK_C1_20230930152039.jpg,1,30,1,plastic_nut::plastic_nut_0289_OK
sham,2723,plastic_nut/OK/S0186/plastic_nut_0186_OK_C1_20230930140535.jpg,55,26,1,plastic_nut::plastic_nut_0186_OK
sham,258,plastic_nut/OK/S0097/plastic_nut_0097_OK_C1_20230930132438.jpg,27,54,1,plastic_nut::plastic_nut_0097_OK
sham,3906,plastic_nut/OK/S0332/plastic_nut_0332_OK_C1_20230930153425.jpg,43,16,1,plastic_nut::plastic_nut_0332_OK
sham,1028,plastic_nut/OK/S0053/plastic_nut_0053_OK_C1_20230930130206.jpg,19,50,1,plastic_nut::plastic_nut_0053_OK
sham,3108,plastic_nut/OK/S0084/plastic_nut_0084_OK_C2_20230930131753.jpg,32,4,2,plastic_nut::plastic_nut_0084_OK
sham,1299,plastic_nut/OK/S0403/plastic_nut_0403_OK_C2_20230930155303.jpg,46,8,2,plastic_nut::plastic_nut_0403_OK
sham,354,plastic_nut/OK/S0273/plastic_nut_0273_OK_C2_20230930150816.jpg,12,38,2,plastic_nut::plastic_nut_0273_OK
sham,2578,plastic_nut/OK/S0484/plastic_nut_0484_OK_C2_20230930162613.jpg,44,10,2,plastic_nut::plastic_nut_0484_OK
sham,3148,plastic_nut/OK/S0298/plastic_nut_0298_OK_C2_20230930152253.jpg,48,16,2,plastic_nut::plastic_nut_0298_OK
sham,235,plastic_nut/OK/S0209/plastic_nut_0209_OK_C2_20230930143442.jpg,49,32,2,plastic_nut::plastic_nut_0209_OK
sham,2380,plastic_nut/OK/S0272/plastic_nut_0272_OK_C2_20230930150805.jpg,13,30,2,plastic_nut::plastic_nut_0272_OK
sham,1270,plastic_nut/OK/S0281/plastic_nut_0281_OK_C2_20230930151842.jpg,39,2,2,plastic_nut::plastic_nut_0281_OK
sham,2163,plastic_nut/OK/S0160/plastic_nut_0160_OK_C3_20230930135440.jpg,56,34,3,plastic_nut::plastic_nut_0160_OK
sham,552,plastic_nut/OK/S0448/plastic_nut_0448_OK_C3_20230930161132.jpg,54,40,3,plastic_nut::plastic_nut_0448_OK
sham,2988,plastic_nut/OK/S0199/plastic_nut_0199_OK_C3_20230930142914.jpg,42,38,3,plastic_nut::plastic_nut_0199_OK
sham,3118,plastic_nut/OK/S0369/plastic_nut_0369_OK_C3_20230930154310.jpg,46,22,3,plastic_nut::plastic_nut_0369_OK
sham,337,plastic_nut/OK/S0364/plastic_nut_0364_OK_C3_20230930154158.jpg,18,48,3,plastic_nut::plastic_nut_0364_OK
sham,2591,plastic_nut/OK/S0410/plastic_nut_0410_OK_C3_20230930155732.jpg,10,24,3,plastic_nut::plastic_nut_0410_OK
sham,2131,plastic_nut/OK/S0406/plastic_nut_0406_OK_C3_20230930161349.jpg,12,22,3,plastic_nut::plastic_nut_0406_OK
sham,2293,plastic_nut/OK/S0349/plastic_nut_0349_OK_C3_20230930153822.jpg,26,9,3,plastic_nut::plastic_nut_0349_OK
sham,1601,plastic_nut/OK/S0206/plastic_nut_0206_OK_C3_20230930143313.jpg,28,5,3,plastic_nut::plastic_nut_0206_OK
sham,1228,plastic_nut/OK/S0488/plastic_nut_0488_OK_C3_20230930162702.jpg,38,31,3,plastic_nut::plastic_nut_0488_OK
sham,3014,plastic_nut/OK/S0349/plastic_nut_0349_OK_C3_20230930153822.jpg,49,20,3,plastic_nut::plastic_nut_0349_OK
sham,298,plastic_nut/OK/S0250/plastic_nut_0250_OK_C4_20230930145817.jpg,34,56,4,plastic_nut::plastic_nut_0250_OK
sham,2101,plastic_nut/OK/S0400/plastic_nut_0400_OK_C4_20230930155159.jpg,56,10,4,plastic_nut::plastic_nut_0400_OK
sham,2258,plastic_nut/OK/S0477/plastic_nut_0477_OK_C4_20230930162508.jpg,24,36,4,plastic_nut::plastic_nut_0477_OK
sham,1382,plastic_nut/OK/S0054/plastic_nut_0054_OK_C4_20230930130233.jpg,10,6,4,plastic_nut::plastic_nut_0054_OK
sham,3699,plastic_nut/OK/S0113/plastic_nut_0113_OK_C4_20230930133220.jpg,26,52,4,plastic_nut::plastic_nut_0113_OK
sham,3868,plastic_nut/OK/S0235/plastic_nut_0235_OK_C4_20230930144846.jpg,16,22,4,plastic_nut::plastic_nut_0235_OK
sham,1461,plastic_nut/OK/S0098/plastic_nut_0098_OK_C4_20230930132459.jpg,20,40,4,plastic_nut::plastic_nut_0098_OK
sham,2077,plastic_nut/OK/S0092/plastic_nut_0092_OK_C4_20230930132137.jpg,14,10,4,plastic_nut::plastic_nut_0092_OK
sham,47,plastic_nut/OK/S0047/plastic_nut_0047_OK_C4_20230930125625.jpg,38,16,4,plastic_nut::plastic_nut_0047_OK
sham,2217,plastic_nut/OK/S0047/plastic_nut_0047_OK_C4_20230930125625.jpg,62,52,4,plastic_nut::plastic_nut_0047_OK
sham,217,plastic_nut/OK/S0245/plastic_nut_0245_OK_C4_20230930145632.jpg,28,44,4,plastic_nut::plastic_nut_0245_OK
sham,1809,plastic_nut/OK/S0035/plastic_nut_0035_OK_C4_20230930124720.jpg,30,30,4,plastic_nut::plastic_nut_0035_OK
sham,954,plastic_nut/OK/S0477/plastic_nut_0477_OK_C4_20230930162508.jpg,32,10,4,plastic_nut::plastic_nut_0477_OK
sham,2229,plastic_nut/OK/S0058/plastic_nut_0058_OK_C4_20230930130416.jpg,40,2,4,plastic_nut::plastic_nut_0058_OK
sham,3893,plastic_nut/OK/S0029/plastic_nut_0029_OK_C4_20230930124349.jpg,2,62,4,plastic_nut::plastic_nut_0029_OK
sham,599,plastic_nut/OK/S0054/plastic_nut_0054_OK_C4_20230930130233.jpg,8,26,4,plastic_nut::plastic_nut_0054_OK
sham,2899,plastic_nut/OK/S0188/plastic_nut_0188_OK_C4_20230930141428.jpg,52,21,4,plastic_nut::plastic_nut_0188_OK
sham,1859,plastic_nut/OK/S0053/plastic_nut_0053_OK_C4_20230930130206.jpg,20,13,4,plastic_nut::plastic_nut_0053_OK
sham,537,plastic_nut/OK/S0083/plastic_nut_0083_OK_C4_20230930131723.jpg,8,25,4,plastic_nut::plastic_nut_0083_OK
sham,726,plastic_nut/OK/S0119/plastic_nut_0119_OK_C4_20230930133536.jpg,36,19,4,plastic_nut::plastic_nut_0119_OK
sham,1960,plastic_nut/OK/S0167/plastic_nut_0167_OK_C4_20230930135849.jpg,46,59,4,plastic_nut::plastic_nut_0167_OK
sham,628,plastic_nut/OK/S0403/plastic_nut_0403_OK_C4_20230930155303.jpg,10,13,4,plastic_nut::plastic_nut_0403_OK
sham,3579,plastic_nut/OK/S0494/plastic_nut_0494_OK_C4_20230930162854.jpg,13,42,4,plastic_nut::plastic_nut_0494_OK
sham,2665,plastic_nut/OK/S0042/plastic_nut_0042_OK_C4_20230930125314.jpg,5,12,4,plastic_nut::plastic_nut_0042_OK
sham,1099,plastic_nut/OK/S0430/plastic_nut_0430_OK_C4_20230930160445.jpg,27,48,4,plastic_nut::plastic_nut_0430_OK
sham,2594,plastic_nut/OK/S0029/plastic_nut_0029_OK_C4_20230930124349.jpg,23,60,4,plastic_nut::plastic_nut_0029_OK
sham,2418,plastic_nut/OK/S0097/plastic_nut_0097_OK_C4_20230930132438.jpg,15,36,4,plastic_nut::plastic_nut_0097_OK
sham,1664,plastic_nut/OK/S0023/plastic_nut_0023_OK_C4_20230930124214.jpg,45,28,4,plastic_nut::plastic_nut_0023_OK
sham,1064,plastic_nut/OK/S0440/plastic_nut_0440_OK_C5_20230930161007.jpg,34,38,5,plastic_nut::plastic_nut_0440_OK
sham,1671,plastic_nut/OK/S0470/plastic_nut_0470_OK_C5_20230930162349.jpg,54,36,5,plastic_nut::plastic_nut_0470_OK
sham,510,plastic_nut/OK/S0061/plastic_nut_0061_OK_C5_20230930130524.jpg,34,58,5,plastic_nut::plastic_nut_0061_OK
sham,3329,plastic_nut/OK/S0376/plastic_nut_0376_OK_C5_20230930154438.jpg,54,4,5,plastic_nut::plastic_nut_0376_OK
sham,173,plastic_nut/OK/S0042/plastic_nut_0042_OK_C5_20230930125314.jpg,46,16,5,plastic_nut::plastic_nut_0042_OK
sham,3299,plastic_nut/OK/S0092/plastic_nut_0092_OK_C5_20230930132137.jpg,8,24,5,plastic_nut::plastic_nut_0092_OK
sham,612,plastic_nut/OK/S0263/plastic_nut_0263_OK_C5_20230930150425.jpg,32,10,5,plastic_nut::plastic_nut_0263_OK
sham,2171,plastic_nut/OK/S0380/plastic_nut_0380_OK_C5_20230930154535.jpg,46,45,5,plastic_nut::plastic_nut_0380_OK
sham,3975,plastic_nut/OK/S0102/plastic_nut_0102_OK_C5_20230930132716.jpg,32,17,5,plastic_nut::plastic_nut_0102_OK
sham,2449,plastic_nut/OK/S0192/plastic_nut_0192_OK_C5_20230930141520.jpg,36,27,5,plastic_nut::plastic_nut_0192_OK
sham,2587,plastic_nut/OK/S0381/plastic_nut_0381_OK_C5_20230930154544.jpg,62,11,5,plastic_nut::plastic_nut_0381_OK
sham,1848,plastic_nut/OK/S0077/plastic_nut_0077_OK_C5_20230930131355.jpg,58,35,5,plastic_nut::plastic_nut_0077_OK
sham,1591,plastic_nut/OK/S0055/plastic_nut_0055_OK_C5_20230930130341.jpg,44,59,5,plastic_nut::plastic_nut_0055_OK
sham,3177,plastic_nut/OK/S0150/plastic_nut_0150_OK_C5_20230930134853.jpg,56,47,5,plastic_nut::plastic_nut_0150_OK
sham,2926,plastic_nut/OK/S0007/plastic_nut_0007_OK_C5_20230930121722.jpg,34,7,5,plastic_nut::plastic_nut_0007_OK
sham,167,plastic_nut/OK/S0214/plastic_nut_0214_OK_C5_20230930143932.jpg,46,5,5,plastic_nut::plastic_nut_0214_OK
sham,557,plastic_nut/OK/S0281/plastic_nut_0281_OK_C5_20230930151842.jpg,53,44,5,plastic_nut::plastic_nut_0281_OK
sham,301,plastic_nut/OK/S0342/plastic_nut_0342_OK_C5_20230930153701.jpg,29,8,5,plastic_nut::plastic_nut_0342_OK
sham,2434,plastic_nut/OK/S0029/plastic_nut_0029_OK_C5_20230930124349.jpg,11,50,5,plastic_nut::plastic_nut_0029_OK
sham,1929,plastic_nut/OK/S0333/plastic_nut_0333_OK_C5_20230930153435.jpg,45,18,5,plastic_nut::plastic_nut_0333_OK
sham,3520,plastic_nut/OK/S0422/plastic_nut_0422_OK_C5_20230930160122.jpg,41,42,5,plastic_nut::plastic_nut_0422_OK
sham,2215,plastic_nut/OK/S0388/plastic_nut_0388_OK_C5_20230930154821.jpg,43,44,5,plastic_nut::plastic_nut_0388_OK
