seed,score_method,threshold_method,threshold,fp,normal_groups,supported,any,abnormal_groups
0,native_s0,native_s0,1735.33203125,0,44,42,43,107
0,native_s0,uniform_s0,1721.01904296875,0,44,43,44,107
0,native_s0,native_shuffle_s0,1740.98681640625,0,44,42,43,107
0,uniform_s0,native_s0,1735.33203125,0,44,29,34,107
0,uniform_s0,uniform_s0,1721.01904296875,0,44,31,36,107
0,uniform_s0,native_shuffle_s0,1740.98681640625,0,44,29,34,107
0,native_shuffle_s0,native_s0,1735.33203125,0,44,41,51,107
0,native_shuffle_s0,uniform_s0,1721.01904296875,0,44,43,54,107
0,native_shuffle_s0,native_shuffle_s0,1740.98681640625,0,44,39,48,107
1,native_s1,native_s1,1735.823974609375,0,44,40,41,107
1,native_s1,uniform_s1,1716.92578125,0,44,42,43,107
1,native_s1,native_shuffle_s1,1722.834716796875,0,44,42,43,107
1,uniform_s1,native_s1,1735.823974609375,0,44,29,33,107
1,uniform_s1,uniform_s1,1716.92578125,0,44,31,35,107
1,uniform_s1,native_shuffle_s1,1722.834716796875,0,44,31,35,107
1,native_shuffle_s1,native_s1,1735.823974609375,0,44,43,52,107
1,native_shuffle_s1,uniform_s1,1716.92578125,0,44,47,56,107
1,native_shuffle_s1,native_shuffle_s1,1722.834716796875,0,44,46,56,107
2,native_s2,native_s2,1628.76123046875,0,44,53,59,107
2,native_s2,uniform_s2,1716.92578125,0,44,42,43,107
2,native_s2,native_shuffle_s2,1722.834716796875,0,44,42,43,107
2,uniform_s2,native_s2,1628.76123046875,0,44,44,54,107
2,uniform_s2,uniform_s2,1716.92578125,0,44,31,35,107
2,uniform_s2,native_shuffle_s2,1722.834716796875,0,44,31,35,107
2,native_shuffle_s2,native_s2,1628.76123046875,0,44,59,83,107
2,native_shuffle_s2,uniform_s2,1716.92578125,0,44,44,53,107
2,native_shuffle_s2,native_shuffle_s2,1722.834716796875,0,44,43,53,107
