camera,phases,available_sources,required_slots,deficit
1,00,43,16,0
1,01,23,16,0
1,10,22,16,0
1,00+01,61,32,0
1,00+10,56,32,0
1,01+10,41,32,0
1,00+01+10,73,48,0
2,00,26,16,0
2,01,19,16,0
2,10,16,16,0
2,00+01,41,32,0
2,00+10,38,32,0
2,01+10,35,32,0
2,00+01+10,53,48,0
3,00,37,16,0
3,01,32,16,0
3,10,21,16,0
3,00+01,58,32,0
3,00+10,50,32,0
3,01+10,48,32,0
3,00+01+10,70,48,0
4,00,28,16,0
4,01,32,16,0
4,10,24,16,0
4,00+01,48,32,0
4,00+10,47,32,0
4,01+10,49,32,0
4,00+01+10,61,48,0
5,00,20,16,0
5,01,15,16,1
5,10,17,16,0
5,00+01,34,32,0
5,00+10,35,32,0
5,01+10,30,32,2
5,00+01+10,47,48,1
