score_bank,readout,threshold_bank,threshold_unit,threshold,normal_groups,abnormal_groups,normal_false_positive_groups,any_detected_abnormal_groups,supported_detected_abnormal_groups,normal_group_fpr,any_group_tpr,supported_group_tpr
dino_odd_own,full,dino_odd_own,image,1403.8232421875,44,107,8,74,57,0.18181818181818182,0.6915887850467289,0.5327102803738317
dino_odd_own,full,dino_balanced_own,image,1052.44189453125,44,107,34,107,102,0.7727272727272727,1.0,0.9532710280373832
dino_balanced_own,full,dino_odd_own,image,1403.8232421875,44,107,0,71,59,0.0,0.6635514018691588,0.5514018691588785
dino_balanced_own,full,dino_balanced_own,image,1052.44189453125,44,107,8,107,100,0.18181818181818182,1.0,0.9345794392523364
dino_odd_own,full,dino_odd_own,group,1629.67626953125,44,107,1,29,20,0.022727272727272728,0.27102803738317754,0.18691588785046728
dino_odd_own,full,dino_balanced_own,group,1209.12890625,44,107,22,102,87,0.5,0.9532710280373832,0.8130841121495327
dino_balanced_own,full,dino_odd_own,group,1629.67626953125,44,107,0,18,18,0.0,0.16822429906542055,0.16822429906542055
dino_balanced_own,full,dino_balanced_own,group,1209.12890625,44,107,1,100,87,0.022727272727272728,0.9345794392523364,0.8130841121495327
dino_odd_own,00,dino_odd_own,image,977.83154296875,44,107,3,100,92,0.06818181818181818,0.9345794392523364,0.8598130841121495
dino_odd_own,00,dino_balanced_own,image,973.421630859375,44,107,3,100,92,0.06818181818181818,0.9345794392523364,0.8598130841121495
dino_balanced_own,00,dino_odd_own,image,977.83154296875,44,107,7,104,96,0.1590909090909091,0.9719626168224299,0.897196261682243
dino_balanced_own,00,dino_balanced_own,image,973.421630859375,44,107,7,104,96,0.1590909090909091,0.9719626168224299,0.897196261682243
dino_odd_own,00,dino_odd_own,group,1075.29248046875,44,107,2,90,80,0.045454545454545456,0.8411214953271028,0.7476635514018691
dino_odd_own,00,dino_balanced_own,group,1171.8291015625,44,107,0,81,69,0.0,0.7570093457943925,0.6448598130841121
dino_balanced_own,00,dino_odd_own,group,1075.29248046875,44,107,0,97,88,0.0,0.9065420560747663,0.822429906542056
dino_balanced_own,00,dino_balanced_own,group,1171.8291015625,44,107,0,79,69,0.0,0.7383177570093458,0.6448598130841121
dino_odd_own,01,dino_odd_own,image,1395.209716796875,44,107,6,47,43,0.13636363636363635,0.4392523364485981,0.40186915887850466
dino_odd_own,01,dino_balanced_own,image,1004.85400390625,44,107,31,107,93,0.7045454545454546,1.0,0.8691588785046729
dino_balanced_own,01,dino_odd_own,image,1395.209716796875,44,107,0,52,45,0.0,0.48598130841121495,0.4205607476635514
dino_balanced_own,01,dino_balanced_own,image,1004.85400390625,44,107,9,107,96,0.20454545454545456,1.0,0.897196261682243
dino_odd_own,01,dino_odd_own,group,1571.7978515625,44,107,1,16,15,0.022727272727272728,0.14953271028037382,0.14018691588785046
dino_odd_own,01,dino_balanced_own,group,1182.26416015625,44,107,18,99,82,0.4090909090909091,0.9252336448598131,0.7663551401869159
dino_balanced_own,01,dino_odd_own,group,1571.7978515625,44,107,0,18,18,0.0,0.16822429906542055,0.16822429906542055
dino_balanced_own,01,dino_balanced_own,group,1182.26416015625,44,107,0,99,81,0.0,0.9252336448598131,0.7570093457943925
dino_odd_own,10,dino_odd_own,image,1064.642822265625,44,107,9,96,74,0.20454545454545456,0.897196261682243,0.6915887850467289
dino_odd_own,10,dino_balanced_own,image,968.806884765625,44,107,16,103,87,0.36363636363636365,0.9626168224299065,0.8130841121495327
dino_balanced_own,10,dino_odd_own,image,1064.642822265625,44,107,2,82,77,0.045454545454545456,0.7663551401869159,0.719626168224299
dino_balanced_own,10,dino_balanced_own,image,968.806884765625,44,107,7,95,86,0.1590909090909091,0.8878504672897196,0.8037383177570093
dino_odd_own,10,dino_odd_own,group,1522.7080078125,44,107,1,42,28,0.022727272727272728,0.3925233644859813,0.2616822429906542
dino_odd_own,10,dino_balanced_own,group,1209.12890625,44,107,7,84,62,0.1590909090909091,0.7850467289719626,0.5794392523364486
dino_balanced_own,10,dino_odd_own,group,1522.7080078125,44,107,0,21,19,0.0,0.19626168224299065,0.17757009345794392
dino_balanced_own,10,dino_balanced_own,group,1209.12890625,44,107,0,59,55,0.0,0.5514018691588785,0.514018691588785
dino_odd_own,11,dino_odd_own,image,990.17529296875,44,107,8,98,85,0.18181818181818182,0.9158878504672897,0.794392523364486
dino_odd_own,11,dino_balanced_own,image,968.314453125,44,107,9,100,86,0.20454545454545456,0.9345794392523364,0.8037383177570093
dino_balanced_own,11,dino_odd_own,image,990.17529296875,44,107,8,94,88,0.18181818181818182,0.8785046728971962,0.822429906542056
dino_balanced_own,11,dino_balanced_own,image,968.314453125,44,107,9,95,89,0.20454545454545456,0.8878504672897196,0.8317757009345794
dino_odd_own,11,dino_odd_own,group,1094.30517578125,44,107,2,81,73,0.045454545454545456,0.7570093457943925,0.6822429906542056
dino_odd_own,11,dino_balanced_own,group,1129.066162109375,44,107,1,78,70,0.022727272727272728,0.7289719626168224,0.6542056074766355
dino_balanced_own,11,dino_odd_own,group,1094.30517578125,44,107,2,76,68,0.045454545454545456,0.7102803738317757,0.6355140186915887
dino_balanced_own,11,dino_balanced_own,group,1129.066162109375,44,107,1,67,61,0.022727272727272728,0.6261682242990654,0.5700934579439252
