method,group_threshold,normal_groups,abnormal_groups,normal_false_positive_groups,supported_detected_groups,any_detected_groups,normal_group_fpr,supported_group_tpr,any_group_tpr,normal_fpr_cp95_lower,normal_fpr_cp95_upper
odd_s0,1629.67626953125,44,107,1,20,29,0.022727272727272728,0.18691588785046728,0.27102803738317754,0.0005752392133630829,0.12024158220634738
odd_s1,1639.28173828125,44,107,1,20,31,0.022727272727272728,0.18691588785046728,0.2897196261682243,0.0005752392133630829,0.12024158220634738
odd_s2,1653.13623046875,44,107,1,16,22,0.022727272727272728,0.14953271028037382,0.205607476635514,0.0005752392133630829,0.12024158220634738
balanced_s0,1209.12890625,44,107,1,87,100,0.022727272727272728,0.8130841121495327,0.9345794392523364,0.0005752392133630829,0.12024158220634738
balanced_s1,1228.209228515625,44,107,0,74,87,0.0,0.6915887850467289,0.8130841121495327,0.0,0.08041993976357587
balanced_s2,1306.901611328125,44,107,0,79,97,0.0,0.7383177570093458,0.9065420560747663,0.0,0.08041993976357587
random_s0,1274.10009765625,44,107,0,70,83,0.0,0.6542056074766355,0.7757009345794392,0.0,0.08041993976357587
random_s1,1214.926025390625,44,107,1,79,93,0.022727272727272728,0.7383177570093458,0.8691588785046729,0.0005752392133630829,0.12024158220634738
random_s2,1282.40966796875,44,107,1,71,83,0.022727272727272728,0.6635514018691588,0.7757009345794392,0.0005752392133630829,0.12024158220634738
