method,calibration,threshold_unit,threshold,normal_groups,abnormal_groups,normal_false_positive_groups,abnormal_any_detected_groups,abnormal_supported_groups,normal_group_fpr,abnormal_any_group_tpr,abnormal_supported_group_tpr
dino_odd_own,fixed_original_balanced,image,1052.44189453125,44,107,34,107,102,0.7727272727272727,1.0,0.9532710280373832
dino_odd_own,fixed_original_balanced,group,1209.12890625,44,107,22,102,87,0.5,0.9532710280373832,0.8130841121495327
dino_odd_own,independently_recalibrated,image,1403.8232421875,44,107,8,74,57,0.18181818181818182,0.6915887850467289,0.5327102803738317
dino_odd_own,independently_recalibrated,group,1629.67626953125,44,107,1,29,20,0.022727272727272728,0.27102803738317754,0.18691588785046728
dino_balanced_own,fixed_original_balanced,image,1052.44189453125,44,107,8,107,100,0.18181818181818182,1.0,0.9345794392523364
dino_balanced_own,fixed_original_balanced,group,1209.12890625,44,107,1,100,87,0.022727272727272728,0.9345794392523364,0.8130841121495327
dino_balanced_own,independently_recalibrated,image,1052.44189453125,44,107,8,107,100,0.18181818181818182,1.0,0.9345794392523364
dino_balanced_own,independently_recalibrated,group,1209.12890625,44,107,1,100,87,0.022727272727272728,0.9345794392523364,0.8130841121495327
balanced_delete_topleft,fixed_original_balanced,image,1052.44189453125,44,107,18,107,102,0.4090909090909091,1.0,0.9532710280373832
balanced_delete_topleft,fixed_original_balanced,group,1209.12890625,44,107,1,102,89,0.022727272727272728,0.9532710280373832,0.8317757009345794
balanced_delete_topleft,independently_recalibrated,image,1094.2451171875,44,107,7,107,100,0.1590909090909091,1.0,0.9345794392523364
balanced_delete_topleft,independently_recalibrated,group,1262.268310546875,44,107,1,98,82,0.022727272727272728,0.9158878504672897,0.7663551401869159
balanced_delete_interior_sham,fixed_original_balanced,image,1052.44189453125,44,107,10,107,100,0.22727272727272727,1.0,0.9345794392523364
balanced_delete_interior_sham,fixed_original_balanced,group,1209.12890625,44,107,1,100,87,0.022727272727272728,0.9345794392523364,0.8130841121495327
balanced_delete_interior_sham,independently_recalibrated,image,1066.814697265625,44,107,10,107,100,0.22727272727272727,1.0,0.9345794392523364
balanced_delete_interior_sham,independently_recalibrated,group,1233.965087890625,44,107,1,98,84,0.022727272727272728,0.9158878504672897,0.7850467289719626
